game_id,game_description,game_type,game_link,game_status,game_sport,game_startTime,game_live,game_awayTeamFirst,game_denySameGame,game_teaserAllowed,game_competitionId,game_notes,game_numMarkets,game_lastModified,competitor_1,competitor_1_home,competitor_2,competitor_2_home,team_1_hcap,team_1_hcap_odds,team_2_hcap,team_2_hcap_odds,team_1_ml_odds,team_2_ml_odds,Over_line,Over_odds,Under_line,Under_odds,draw_ml_odds,game_startTime_cst,game_date,game_time,away_team_clean,home_team_clean,DC_Game_ID
12133701,Jan Pleskot vs Miroslav Klimenta,GAMEEVENT,/table-tennis/czech-republic/liga-pro/jan-pleskot-miroslav-klimenta-202307020200,U,TABL,2023-07-02 06:00:00,False,False,NO,True,9971644,,15,1688245664708.0,Jan Pleskot,True,Miroslav Klimenta,False,0.5,-125,-0.5,-115,-120,-120,76.5,-120,76.5,-120,,2023-07-02 01:00:00-05:00,2023-07-02,01:00 AM,Miroslav Klimenta,Jan Pleskot,07022023-Miroslav Klimenta-Jan Pleskot
12133652,Martin Pavliska vs Richard Skacelik,GAMEEVENT,/table-tennis/czech-republic/liga-pro/martin-pavliska-richard-skacelik-202307020200,U,TABL,2023-07-02 06:00:00,False,False,NO,True,9971644,,15,1688245678188.0,Martin Pavliska,True,Richard Skacelik,False,-4.5,-120,4.5,-120,-205,+145,75.5,-120,75.5,-120,,2023-07-02 01:00:00-05:00,2023-07-02,01:00 AM,,Martin Pavliska,
12109011,Gen.G vs Hanwha Life Esports,GAMEEVENT,/esports/league-of-legends/lck-summer/gen-g-hanwha-life-esports-202307020200,U,ESPT,2023-07-02 06:00:00,False,False,NO,True,9373563,,49,1688258655531.0,Gen.G,True,Hanwha Life Esports,False,-1.5,-135,1.5,+105,-600,+350,2.5,+150,2.5,-200,,2023-07-02 01:00:00-05:00,2023-07-02,01:00 AM,Hanwha Life Esports,Gen.G,07022023-Hanwha Life Esports-Gen.G
12133683,Josef Koutnik vs Martin Jirasek,GAMEEVENT,/table-tennis/czech-republic/liga-pro/josef-koutnik-martin-jirasek-202307020200,U,TABL,2023-07-02 06:00:00,False,False,NO,True,9971644,,14,1688245664827.0,Josef Koutnik,True,Martin Jirasek,False,-9.5,-125,9.5,-115,-700,+400,69.5,-120,69.5,-120,,2023-07-02 01:00:00-05:00,2023-07-02,01:00 AM,Martin Jirasek,Josef Koutnik,07022023-Martin Jirasek-Josef Koutnik
12133634,Marek Placek vs Martin Tacinec,GAMEEVENT,/table-tennis/czech-republic/liga-pro/marek-placek-martin-tacinec-202307020200,U,TABL,2023-07-02 06:00:00,False,False,NO,True,9971644,,15,1688245664931.0,Marek Placek,True,Martin Tacinec,False,-7.5,-125,7.5,-115,-410,+260,72.5,-120,72.5,-120,,2023-07-02 01:00:00-05:00,2023-07-02,01:00 AM,Martin Tacinec,Marek Placek,07022023-Martin Tacinec-Marek Placek
12133644,Karel Zeman vs Kamil Przeczek,GAMEEVENT,/table-tennis/czech-republic/liga-pro/karel-zeman-kamil-przeczek-202307020230,U,TABL,2023-07-02 06:30:00,False,False,NO,True,9971644,,15,1688245687077.0,Karel Zeman,True,Kamil Przeczek,False,-4.5,-120,4.5,-120,-205,+145,75.5,-120,75.5,-120,,2023-07-02 01:30:00-05:00,2023-07-02,01:30 AM,Kamil Przeczek,,
12135160,Ladislav Havel vs Jaroslav Strnad,GAMEEVENT,/table-tennis/czech-republic/liga-pro/ladislav-havel-jaroslav-strnad-202307020230,U,TABL,2023-07-02 06:30:00,False,False,NO,True,9971644,,15,1688258690945.0,Ladislav Havel,True,Jaroslav Strnad,False,-7.5,-115,7.5,-125,-350,+230,73.5,-120,73.5,-120,,2023-07-02 01:30:00-05:00,2023-07-02,01:30 AM,Jaroslav Strnad,Ladislav Havel,07022023-Jaroslav Strnad-Ladislav Havel
12133661,Miroslav Cyrus vs Petr Kmoch Snr,GAMEEVENT,/table-tennis/czech-republic/liga-pro/miroslav-cyrus-petr-kmoch-snr-202307020230,U,TABL,2023-07-02 06:30:00,False,False,NO,True,9971644,,15,1688245687304.0,Miroslav Cyrus,True,Petr Kmoch Snr,False,1.5,-120,-1.5,-120,EVEN,-140,76.5,-120,76.5,-120,,2023-07-02 01:30:00-05:00,2023-07-02,01:30 AM,Petr Kmoch Snr,Miroslav Cyrus,07022023-Petr Kmoch Snr-Miroslav Cyrus
12133645,Lubor Sulava vs Otto Jarkovsky,GAMEEVENT,/table-tennis/czech-republic/liga-pro/lubor-sulava-otto-jarkovsky-202307020230,U,TABL,2023-07-02 06:30:00,False,False,NO,True,9971644,,15,1688245687178.0,Lubor Sulava,True,Otto Jarkovsky,False,3.5,-125,-3.5,-115,+120,-170,75.5,-120,75.5,-120,,2023-07-02 01:30:00-05:00,2023-07-02,01:30 AM,Otto Jarkovsky,Lubor Sulava,07022023-Otto Jarkovsky-Lubor Sulava
12135161,Martin Jirasek vs Miroslav Cyrus,GAMEEVENT,/table-tennis/czech-republic/liga-pro/martin-jirasek-miroslav-cyrus-202307020300,U,TABL,2023-07-02 07:00:00,False,False,NO,True,9971644,,15,1688258691058.0,Martin Jirasek,True,Miroslav Cyrus,False,0.5,-125,-0.5,-115,-120,-120,76.5,-120,76.5,-120,,2023-07-02 02:00:00-05:00,2023-07-02,02:00 AM,Miroslav Cyrus,Martin Jirasek,07022023-Miroslav Cyrus-Martin Jirasek
12133662,Martin Tacinec vs Ladislav Havel,GAMEEVENT,/table-tennis/czech-republic/liga-pro/martin-tacinec-ladislav-havel-202307020300,U,TABL,2023-07-02 07:00:00,False,False,NO,True,9971644,,15,1688245709700.0,Martin Tacinec,True,Ladislav Havel,False,7.5,-115,-7.5,-125,+260,-410,72.5,-120,72.5,-120,,2023-07-02 02:00:00-05:00,2023-07-02,02:00 AM,Ladislav Havel,Martin Tacinec,07022023-Ladislav Havel-Martin Tacinec
12133659,Miroslav Klimenta vs Lubor Sulava,GAMEEVENT,/table-tennis/czech-republic/liga-pro/miroslav-klimenta-lubor-sulava-202307020300,U,TABL,2023-07-02 07:00:00,False,False,NO,True,9971644,,15,1688245709797.0,Miroslav Klimenta,True,Lubor Sulava,False,2.5,-120,-2.5,-120,+110,-155,77.5,-120,77.5,-120,,2023-07-02 02:00:00-05:00,2023-07-02,02:00 AM,Lubor Sulava,Miroslav Klimenta,07022023-Lubor Sulava-Miroslav Klimenta
12133642,Richard Skacelik vs Karel Zeman,GAMEEVENT,/table-tennis/czech-republic/liga-pro/richard-skacelik-karel-zeman-202307020300,U,TABL,2023-07-02 07:00:00,False,False,NO,True,9971644,,15,1688245709909.0,Richard Skacelik,True,Karel Zeman,False,0.5,-125,-0.5,-115,-120,-120,76.5,-120,76.5,-120,,2023-07-02 02:00:00-05:00,2023-07-02,02:00 AM,,,
12133638,Petr Kmoch Snr vs Josef Koutnik,GAMEEVENT,/table-tennis/czech-republic/liga-pro/petr-kmoch-snr-josef-koutnik-202307020330,U,TABL,2023-07-02 07:30:00,False,False,NO,True,9971644,,15,1688245753949.0,Petr Kmoch Snr,True,Josef Koutnik,False,8.5,-125,-8.5,-115,+300,-480,71.5,-120,71.5,-120,,2023-07-02 02:30:00-05:00,2023-07-02,02:30 AM,Josef Koutnik,Petr Kmoch Snr,07022023-Josef Koutnik-Petr Kmoch Snr
12133641,Jaroslav Strnad vs Marek Placek,GAMEEVENT,/table-tennis/czech-republic/liga-pro/jaroslav-strnad-marek-placek-202307020330,U,TABL,2023-07-02 07:30:00,False,False,NO,True,9971644,,15,1688245753666.0,Jaroslav Strnad,True,Marek Placek,False,7.5,-115,-7.5,-125,+260,-410,72.5,-120,72.5,-120,,2023-07-02 02:30:00-05:00,2023-07-02,02:30 AM,Marek Placek,Jaroslav Strnad,07022023-Marek Placek-Jaroslav Strnad
12133640,Kamil Przeczek vs Martin Pavliska,GAMEEVENT,/table-tennis/czech-republic/liga-pro/kamil-przeczek-martin-pavliska-202307020330,U,TABL,2023-07-02 07:30:00,False,False,NO,True,9971644,,15,1688245753763.0,Kamil Przeczek,True,Martin Pavliska,False,3.5,-125,-3.5,-115,+120,-170,75.5,-120,75.5,-120,,2023-07-02 02:30:00-05:00,2023-07-02,02:30 AM,Martin Pavliska,Kamil Przeczek,07022023-Martin Pavliska-Kamil Przeczek
12133637,Otto Jarkovsky vs Jan Pleskot,GAMEEVENT,/table-tennis/czech-republic/liga-pro/otto-jarkovsky-jan-pleskot-202307020330,U,TABL,2023-07-02 07:30:00,False,False,NO,True,9971644,,15,1688245753859.0,Otto Jarkovsky,True,Jan Pleskot,False,0.5,-125,-0.5,-115,-120,-120,76.5,-120,76.5,-120,,2023-07-02 02:30:00-05:00,2023-07-02,02:30 AM,Jan Pleskot,Otto Jarkovsky,07022023-Jan Pleskot-Otto Jarkovsky
12133648,Martin Pavliska vs Karel Zeman,GAMEEVENT,/table-tennis/czech-republic/liga-pro/martin-pavliska-karel-zeman-202307020400,U,TABL,2023-07-02 08:00:00,False,False,NO,True,9971644,,15,1688245772022.0,Martin Pavliska,True,Karel Zeman,False,-2.5,-120,2.5,-120,-155,+110,75.5,-120,75.5,-120,,2023-07-02 03:00:00-05:00,2023-07-02,03:00 AM,,Martin Pavliska,
12133639,Jan Pleskot vs Lubor Sulava,GAMEEVENT,/table-tennis/czech-republic/liga-pro/jan-pleskot-lubor-sulava-202307020400,U,TABL,2023-07-02 08:00:00,False,False,NO,True,9971644,,15,1688245771736.0,Jan Pleskot,True,Lubor Sulava,False,0.5,-125,-0.5,-115,-120,-120,80.5,-120,80.5,-120,,2023-07-02 03:00:00-05:00,2023-07-02,03:00 AM,Lubor Sulava,Jan Pleskot,07022023-Lubor Sulava-Jan Pleskot
12133708,Josef Koutnik vs Miroslav Cyrus,GAMEEVENT,/table-tennis/czech-republic/liga-pro/josef-koutnik-miroslav-cyrus-202307020400,U,TABL,2023-07-02 08:00:00,False,False,NO,True,9971644,,15,1688245771827.0,Josef Koutnik,True,Miroslav Cyrus,False,-4.5,-120,4.5,-120,-205,+145,75.5,-120,75.5,-120,,2023-07-02 03:00:00-05:00,2023-07-02,03:00 AM,Miroslav Cyrus,Josef Koutnik,07022023-Miroslav Cyrus-Josef Koutnik
12133709,Marek Placek vs Ladislav Havel,GAMEEVENT,/table-tennis/czech-republic/liga-pro/marek-placek-ladislav-havel-202307020400,U,TABL,2023-07-02 08:00:00,False,False,NO,True,9971644,,15,1688245771933.0,Marek Placek,True,Ladislav Havel,False,-3.5,-115,3.5,-125,-170,+120,75.5,-120,75.5,-120,,2023-07-02 03:00:00-05:00,2023-07-02,03:00 AM,Ladislav Havel,Marek Placek,07022023-Ladislav Havel-Marek Placek
12133566,Martin Tacinec vs Jaroslav Strnad,GAMEEVENT,/table-tennis/czech-republic/liga-pro/martin-tacinec-jaroslav-strnad-202307020430,U,TABL,2023-07-02 08:30:00,False,False,NO,True,9971644,,5,1688245813354.0,Martin Tacinec,True,Jaroslav Strnad,False,,,,,-120,-120,,,,,,2023-07-02 03:30:00-05:00,2023-07-02,03:30 AM,Jaroslav Strnad,Martin Tacinec,07022023-Jaroslav Strnad-Martin Tacinec
12133689,Martin Jirasek vs Petr Kmoch Snr,GAMEEVENT,/table-tennis/czech-republic/liga-pro/martin-jirasek-petr-kmoch-snr-202307020430,U,TABL,2023-07-02 08:30:00,False,False,NO,True,9971644,,15,1688245813311.0,Martin Jirasek,True,Petr Kmoch Snr,False,-3.5,-120,3.5,-120,-180,+125,75.5,-120,75.5,-120,,2023-07-02 03:30:00-05:00,2023-07-02,03:30 AM,Petr Kmoch Snr,Martin Jirasek,07022023-Petr Kmoch Snr-Martin Jirasek
12108998,NS RedForce vs T1,GAMEEVENT,/esports/league-of-legends/lck-summer/ns-redforce-t1-202307020430,U,ESPT,2023-07-02 08:30:00,False,False,NO,True,9373563,,49,1688260096537.0,NS RedForce,True,T1,False,1.5,+265,-1.5,-385,+875,-3300,2.5,+290,2.5,-435,,2023-07-02 03:30:00-05:00,2023-07-02,03:30 AM,T1,NS RedForce,07022023-T1-NS RedForce
12133656,Richard Skacelik vs Kamil Przeczek,GAMEEVENT,/table-tennis/czech-republic/liga-pro/richard-skacelik-kamil-przeczek-202307020430,U,TABL,2023-07-02 08:30:00,False,False,NO,True,9971644,,15,1688245813578.0,Richard Skacelik,True,Kamil Przeczek,False,-2.5,-120,2.5,-120,-155,+110,75.5,-120,75.5,-120,,2023-07-02 03:30:00-05:00,2023-07-02,03:30 AM,Kamil Przeczek,,
12133646,Miroslav Klimenta vs Otto Jarkovsky,GAMEEVENT,/table-tennis/czech-republic/liga-pro/miroslav-klimenta-otto-jarkovsky-202307020430,U,TABL,2023-07-02 08:30:00,False,False,NO,True,9971644,,15,1688245813461.0,Miroslav Klimenta,True,Otto Jarkovsky,False,3.5,-120,-3.5,-120,+125,-180,75.5,-120,75.5,-120,,2023-07-02 03:30:00-05:00,2023-07-02,03:30 AM,Otto Jarkovsky,Miroslav Klimenta,07022023-Otto Jarkovsky-Miroslav Klimenta
12133697,Zdenek Balusek vs Jan Przybyla,GAMEEVENT,/table-tennis/czech-republic/liga-pro/zdenek-balusek-jan-przybyla-202307020600,U,TABL,2023-07-02 10:00:00,False,False,NO,True,9971644,,15,1688245839324.0,Zdenek Balusek,True,Jan Przybyla,False,-4.5,-115,4.5,-125,-190,+135,75.5,-120,75.5,-120,,2023-07-02 05:00:00-05:00,2023-07-02,05:00 AM,,,
12133686,Michal Syroha vs Pavel Sprynar,GAMEEVENT,/table-tennis/czech-republic/liga-pro/michal-syroha-pavel-sprynar-202307020600,U,TABL,2023-07-02 10:00:00,False,False,NO,True,9971644,,15,1688245830704.0,Michal Syroha,True,Pavel Sprynar,False,-4.5,-120,4.5,-120,-205,+145,75.5,-120,75.5,-120,,2023-07-02 05:00:00-05:00,2023-07-02,05:00 AM,Pavel Sprynar,Michal Syroha,07022023-Pavel Sprynar-Michal Syroha
12133653,Jaroslav Vanek vs Jiri Zuzanek,GAMEEVENT,/table-tennis/czech-republic/liga-pro/jaroslav-vanek-jiri-zuzanek-202307020600,U,TABL,2023-07-02 10:00:00,False,False,NO,True,9971644,,15,1688245830497.0,Jaroslav Vanek,True,Jiri Zuzanek,False,-2.5,-120,2.5,-120,-155,+110,75.5,-120,75.5,-120,,2023-07-02 05:00:00-05:00,2023-07-02,05:00 AM,Jiri Zuzanek,,
12133682,Josef Rossler vs Miloslav Kotil,GAMEEVENT,/table-tennis/czech-republic/liga-pro/josef-rossler-miloslav-kotil-202307020600,U,TABL,2023-07-02 10:00:00,False,False,NO,True,9971644,,15,1688245830600.0,Josef Rossler,True,Miloslav Kotil,False,-3.5,-120,3.5,-120,-180,+125,77.5,-120,77.5,-120,,2023-07-02 05:00:00-05:00,2023-07-02,05:00 AM,Miloslav Kotil,,
12133681,Michal Raska vs Radomir Benesz,GAMEEVENT,/table-tennis/czech-republic/liga-pro/michal-raska-radomir-benesz-202307020630,U,TABL,2023-07-02 10:30:00,False,False,NO,True,9971644,,15,1688245847198.0,Michal Raska,True,Radomir Benesz,False,-5.5,-120,5.5,-120,-230,+160,74.5,-120,74.5,-120,,2023-07-02 05:30:00-05:00,2023-07-02,05:30 AM,,,
12133665,Miroslav Svedik vs Vladimir Postelt,GAMEEVENT,/table-tennis/czech-republic/liga-pro/miroslav-svedik-vladimir-postelt-202307020630,U,TABL,2023-07-02 10:30:00,False,False,NO,True,9971644,,15,1688245847287.0,Miroslav Svedik,True,Vladimir Postelt,False,-8.5,-125,8.5,-115,-525,+325,70.5,-120,70.5,-120,,2023-07-02 05:30:00-05:00,2023-07-02,05:30 AM,Vladimir Postelt,,
12133664,Radek Limbursky vs Josef Fuchs,GAMEEVENT,/table-tennis/czech-republic/liga-pro/radek-limbursky-josef-fuchs-202307020630,U,TABL,2023-07-02 10:30:00,False,False,NO,True,9971644,,15,1688245956198.0,Radek Limbursky,True,Josef Fuchs,False,-3.5,-115,3.5,-125,-170,+120,75.5,-120,75.5,-120,,2023-07-02 05:30:00-05:00,2023-07-02,05:30 AM,Josef Fuchs,,
12133684,Petr Serak vs Jaroslav Strnad,GAMEEVENT,/table-tennis/czech-republic/liga-pro/petr-serak-jaroslav-strnad-202307020630,U,TABL,2023-07-02 10:30:00,False,False,NO,True,9971644,,15,1688245847377.0,Petr Serak,True,Jaroslav Strnad,False,4.5,-125,-4.5,-115,+145,-205,79.5,-120,79.5,-120,,2023-07-02 05:30:00-05:00,2023-07-02,05:30 AM,Jaroslav Strnad,Petr Serak,07022023-Jaroslav Strnad-Petr Serak
12133663,Miloslav Kotil vs Radek Limbursky,GAMEEVENT,/table-tennis/czech-republic/liga-pro/miloslav-kotil-radek-limbursky-202307020700,U,TABL,2023-07-02 11:00:00,False,False,NO,True,9971644,,15,1688245972007.0,Miloslav Kotil,True,Radek Limbursky,False,3.5,-120,-3.5,-120,+125,-180,75.5,-120,75.5,-120,,2023-07-02 06:00:00-05:00,2023-07-02,06:00 AM,,Miloslav Kotil,
12133688,Jan Przybyla vs Michal Raska,GAMEEVENT,/table-tennis/czech-republic/liga-pro/jan-przybyla-michal-raska-202307020700,U,TABL,2023-07-02 11:00:00,False,False,NO,True,9971644,,15,1688245963790.0,Jan Przybyla,True,Michal Raska,False,-1.5,-120,1.5,-120,-140,EVEN,76.5,-120,76.5,-120,,2023-07-02 06:00:00-05:00,2023-07-02,06:00 AM,,,
12133669,Jiri Zuzanek vs Miroslav Svedik,GAMEEVENT,/table-tennis/czech-republic/liga-pro/jiri-zuzanek-miroslav-svedik-202307020700,U,TABL,2023-07-02 11:00:00,False,False,NO,True,9971644,,15,1688245963894.0,Jiri Zuzanek,True,Miroslav Svedik,False,4.5,-125,-4.5,-115,+135,-190,75.5,-120,75.5,-120,,2023-07-02 06:00:00-05:00,2023-07-02,06:00 AM,,Jiri Zuzanek,
12133657,Pavel Sprynar vs Petr Serak,GAMEEVENT,/table-tennis/czech-republic/liga-pro/pavel-sprynar-petr-serak-202307020700,U,TABL,2023-07-02 11:00:00,False,False,NO,True,9971644,,15,1688245972104.0,Pavel Sprynar,True,Petr Serak,False,-3.5,-115,3.5,-125,-170,+120,75.5,-120,75.5,-120,,2023-07-02 06:00:00-05:00,2023-07-02,06:00 AM,Petr Serak,Pavel Sprynar,07022023-Petr Serak-Pavel Sprynar
12133674,Vladimir Postelt vs Jaroslav Vanek,GAMEEVENT,/table-tennis/czech-republic/liga-pro/vladimir-postelt-jaroslav-vanek-202307020730,U,TABL,2023-07-02 11:30:00,False,False,NO,True,9971644,,15,1688245988375.0,Vladimir Postelt,True,Jaroslav Vanek,False,6.5,-120,-6.5,-120,+210,-315,73.5,-120,73.5,-120,,2023-07-02 06:30:00-05:00,2023-07-02,06:30 AM,,Vladimir Postelt,
12133694,Radomir Benesz vs Zdenek Balusek,GAMEEVENT,/table-tennis/czech-republic/liga-pro/radomir-benesz-zdenek-balusek-202307020730,U,TABL,2023-07-02 11:30:00,False,False,NO,True,9971644,,15,1688245988240.0,Radomir Benesz,True,Zdenek Balusek,False,0.5,-125,-0.5,-115,-120,-120,76.5,-120,76.5,-120,,2023-07-02 06:30:00-05:00,2023-07-02,06:30 AM,,,
12133660,Josef Fuchs vs Josef Rossler,GAMEEVENT,/table-tennis/czech-republic/liga-pro/josef-fuchs-josef-rossler-202307020730,U,TABL,2023-07-02 11:30:00,False,False,NO,True,9971644,,15,1688245980702.0,Josef Fuchs,True,Josef Rossler,False,8.5,-115,-8.5,-125,+325,-525,70.5,-120,70.5,-120,,2023-07-02 06:30:00-05:00,2023-07-02,06:30 AM,,Josef Fuchs,
12133677,Jaroslav Strnad vs Michal Syroha,GAMEEVENT,/table-tennis/czech-republic/liga-pro/jaroslav-strnad-michal-syroha-202307020730,U,TABL,2023-07-02 11:30:00,False,False,NO,True,9971644,,14,1688245980555.0,Jaroslav Strnad,True,Michal Syroha,False,5.5,-120,-5.5,-120,+160,-230,74.5,-120,74.5,-120,,2023-07-02 06:30:00-05:00,2023-07-02,06:30 AM,Michal Syroha,Jaroslav Strnad,07022023-Michal Syroha-Jaroslav Strnad
12133666,Josef Rossler vs Radek Limbursky,GAMEEVENT,/table-tennis/czech-republic/liga-pro/josef-rossler-radek-limbursky-202307020800,U,TABL,2023-07-02 12:00:00,False,False,NO,True,9971644,,15,1688246009316.0,Josef Rossler,True,Radek Limbursky,False,-4.5,-115,4.5,-125,-190,+135,75.5,-120,75.5,-120,,2023-07-02 07:00:00-05:00,2023-07-02,07:00 AM,,,
12133667,Jaroslav Vanek vs Miroslav Svedik,GAMEEVENT,/table-tennis/czech-republic/liga-pro/jaroslav-vanek-miroslav-svedik-202307020800,U,TABL,2023-07-02 12:00:00,False,False,NO,True,9971644,,15,1688246009220.0,Jaroslav Vanek,True,Miroslav Svedik,False,-2.5,-120,2.5,-120,-155,+110,79.5,-120,79.5,-120,,2023-07-02 07:00:00-05:00,2023-07-02,07:00 AM,,,
12133591,Zdenek Balusek vs Michal Raska,GAMEEVENT,/table-tennis/czech-republic/liga-pro/zdenek-balusek-michal-raska-202307020800,U,TABL,2023-07-02 12:00:00,False,False,NO,True,9971644,,5,1688246016774.0,Zdenek Balusek,True,Michal Raska,False,,,,,-120,-120,,,,,,2023-07-02 07:00:00-05:00,2023-07-02,07:00 AM,,,
12133679,Michal Syroha vs Petr Serak,GAMEEVENT,/table-tennis/czech-republic/liga-pro/michal-syroha-petr-serak-202307020800,U,TABL,2023-07-02 12:00:00,False,False,NO,True,9971644,,15,1688246009417.0,Michal Syroha,True,Petr Serak,False,0.5,-125,-0.5,-115,-120,-120,76.5,-120,76.5,-120,,2023-07-02 07:00:00-05:00,2023-07-02,07:00 AM,Petr Serak,Michal Syroha,07022023-Petr Serak-Michal Syroha
12133671,Jan Przybyla vs Radomir Benesz,GAMEEVENT,/table-tennis/czech-republic/liga-pro/jan-przybyla-radomir-benesz-202307020830,U,TABL,2023-07-02 12:30:00,False,False,NO,True,9971644,,15,1688246024548.0,Jan Przybyla,True,Radomir Benesz,False,-2.5,-120,2.5,-120,-155,+110,75.5,-120,75.5,-120,,2023-07-02 07:30:00-05:00,2023-07-02,07:30 AM,,,
12133680,Jiri Zuzanek vs Vladimir Postelt,GAMEEVENT,/table-tennis/czech-republic/liga-pro/jiri-zuzanek-vladimir-postelt-202307020830,U,TABL,2023-07-02 12:30:00,False,False,NO,True,9971644,,15,1688246024646.0,Jiri Zuzanek,True,Vladimir Postelt,False,-3.5,-120,3.5,-120,-180,+125,75.5,-120,75.5,-120,,2023-07-02 07:30:00-05:00,2023-07-02,07:30 AM,Vladimir Postelt,Jiri Zuzanek,07022023-Vladimir Postelt-Jiri Zuzanek
12133673,Miloslav Kotil vs Josef Fuchs,GAMEEVENT,/table-tennis/czech-republic/liga-pro/miloslav-kotil-josef-fuchs-202307020830,U,TABL,2023-07-02 12:30:00,False,False,NO,True,9971644,,15,1688246024743.0,Miloslav Kotil,True,Josef Fuchs,False,0.5,-125,-0.5,-115,-120,-120,76.5,-120,76.5,-120,,2023-07-02 07:30:00-05:00,2023-07-02,07:30 AM,Josef Fuchs,Miloslav Kotil,07022023-Josef Fuchs-Miloslav Kotil
12133655,Pavel Sprynar vs Jaroslav Strnad,GAMEEVENT,/table-tennis/czech-republic/liga-pro/pavel-sprynar-jaroslav-strnad-202307020830,U,TABL,2023-07-02 12:30:00,False,False,NO,True,9971644,,15,1688246031786.0,Pavel Sprynar,True,Jaroslav Strnad,False,-5.5,-120,5.5,-120,-230,+160,74.5,-120,74.5,-120,,2023-07-02 07:30:00-05:00,2023-07-02,07:30 AM,Jaroslav Strnad,Pavel Sprynar,07022023-Jaroslav Strnad-Pavel Sprynar
12133687,Jan Kanera vs Tomas Turek,GAMEEVENT,/table-tennis/czech-republic/liga-pro/jan-kanera-tomas-turek-202307021000,U,TABL,2023-07-02 14:00:00,False,False,NO,True,9971644,,15,1688246079341.0,Jan Kanera,True,Tomas Turek,False,0.5,-125,-0.5,-115,-120,-120,78.5,-120,78.5,-120,,2023-07-02 09:00:00-05:00,2023-07-02,09:00 AM,Tomas Turek,Jan Kanera,07022023-Tomas Turek-Jan Kanera
12133607,Vladislav Hampejs vs Milan Urban,GAMEEVENT,/table-tennis/czech-republic/liga-pro/vladislav-hampejs-milan-urban-202307021000,U,TABL,2023-07-02 14:00:00,False,False,NO,True,9971644,,5,1688246079383.0,Vladislav Hampejs,True,Milan Urban,False,,,,,+110,-155,,,,,,2023-07-02 09:00:00-05:00,2023-07-02,09:00 AM,Milan Urban,Vladislav Hampejs,07022023-Milan Urban-Vladislav Hampejs
12133693,Vojtech Konvicka vs Petr Jochym,GAMEEVENT,/table-tennis/czech-republic/liga-pro/vojtech-konvicka-petr-jochym-202307021000,U,TABL,2023-07-02 14:00:00,False,False,NO,True,9971644,,15,1688246079481.0,Vojtech Konvicka,True,Petr Jochym,False,-2.5,-120,2.5,-120,-155,+110,79.5,-120,79.5,-120,,2023-07-02 09:00:00-05:00,2023-07-02,09:00 AM,Petr Jochym,,
12133698,Dominik Lengal vs Jaroslav Pilner,GAMEEVENT,/table-tennis/czech-republic/liga-pro/dominik-lengal-jaroslav-pilner-202307021000,U,TABL,2023-07-02 14:00:00,False,False,NO,True,9971644,,15,1688246079239.0,Dominik Lengal,True,Jaroslav Pilner,False,-5.5,-125,5.5,-115,-255,+175,74.5,-120,74.5,-120,,2023-07-02 09:00:00-05:00,2023-07-02,09:00 AM,,Dominik Lengal,
12133600,Tomas Postelt vs Zdenek Bilek,GAMEEVENT,/table-tennis/czech-republic/liga-pro/tomas-postelt-zdenek-bilek-202307021030,U,TABL,2023-07-02 14:30:00,False,False,NO,True,9971644,,5,1688246095824.0,Tomas Postelt,True,Zdenek Bilek,False,,,,,-120,-120,,,,,,2023-07-02 09:30:00-05:00,2023-07-02,09:30 AM,Zdenek Bilek,Tomas Postelt,07022023-Zdenek Bilek-Tomas Postelt
12133711,Svatoslav Stempen vs Radomir Vidlicka,GAMEEVENT,/table-tennis/czech-republic/liga-pro/svatoslav-stempen-radomir-vidlicka-202307021030,U,TABL,2023-07-02 14:30:00,False,False,NO,True,9971644,,12,1688246095745.0,Svatoslav Stempen,True,Radomir Vidlicka,False,-4.5,-120,4.5,-120,-205,+145,75.5,-120,75.5,-120,,2023-07-02 09:30:00-05:00,2023-07-02,09:30 AM,,Svatoslav Stempen,
12133712,Milan Klement vs Lukas Tonar,GAMEEVENT,/table-tennis/czech-republic/liga-pro/milan-klement-lukas-tonar-202307021030,U,TABL,2023-07-02 14:30:00,False,False,NO,True,9971644,,15,1688246095626.0,Milan Klement,True,Lukas Tonar,False,-3.5,-115,3.5,-125,-170,+120,75.5,-120,75.5,-120,,2023-07-02 09:30:00-05:00,2023-07-02,09:30 AM,Lukas Tonar,Milan Klement,07022023-Lukas Tonar-Milan Klement
12133713,Michal Zobac vs Martin Mastera,GAMEEVENT,/table-tennis/czech-republic/liga-pro/michal-zobac-martin-mastera-202307021030,U,TABL,2023-07-02 14:30:00,False,False,NO,True,9971644,,15,1688246095484.0,Michal Zobac,True,Martin Mastera,False,-3.5,-120,3.5,-120,-180,+125,75.5,-120,75.5,-120,,2023-07-02 09:30:00-05:00,2023-07-02,09:30 AM,Martin Mastera,Michal Zobac,07022023-Martin Mastera-Michal Zobac
12133695,Petr Jochym vs Svatoslav Stempen,GAMEEVENT,/table-tennis/czech-republic/liga-pro/petr-jochym-svatoslav-stempen-202307021100,U,TABL,2023-07-02 15:00:00,False,False,NO,True,9971644,,15,1688246116519.0,Petr Jochym,True,Svatoslav Stempen,False,2.5,-120,-2.5,-120,+110,-155,75.5,-120,75.5,-120,,2023-07-02 10:00:00-05:00,2023-07-02,10:00 AM,Svatoslav Stempen,Petr Jochym,07022023-Svatoslav Stempen-Petr Jochym
12133580,Tomas Turek vs Tomas Postelt,GAMEEVENT,/table-tennis/czech-republic/liga-pro/tomas-turek-tomas-postelt-202307021100,U,TABL,2023-07-02 15:00:00,False,False,NO,True,9971644,,5,1688246116568.0,Tomas Turek,True,Tomas Postelt,False,,,,,-120,-120,,,,,,2023-07-02 10:00:00-05:00,2023-07-02,10:00 AM,Tomas Postelt,Tomas Turek,07022023-Tomas Postelt-Tomas Turek
12133670,Milan Urban vs Milan Klement,GAMEEVENT,/table-tennis/czech-republic/liga-pro/milan-urban-milan-klement-202307021100,U,TABL,2023-07-02 15:00:00,False,False,NO,True,9971644,,15,1688246116402.0,Milan Urban,True,Milan Klement,False,5.5,-115,-5.5,-125,+175,-255,74.5,-120,74.5,-120,,2023-07-02 10:00:00-05:00,2023-07-02,10:00 AM,Milan Klement,Milan Urban,07022023-Milan Klement-Milan Urban
12133690,Jaroslav Pilner vs Michal Zobac,GAMEEVENT,/table-tennis/czech-republic/liga-pro/jaroslav-pilner-michal-zobac-202307021100,U,TABL,2023-07-02 15:00:00,False,False,NO,True,9971644,,15,1688246108158.0,Jaroslav Pilner,True,Michal Zobac,False,-2.5,-120,2.5,-120,-155,+110,75.5,-120,75.5,-120,,2023-07-02 10:00:00-05:00,2023-07-02,10:00 AM,Michal Zobac,,
12133675,Lukas Tonar vs Vladislav Hampejs,GAMEEVENT,/table-tennis/czech-republic/liga-pro/lukas-tonar-vladislav-hampejs-202307021130,U,TABL,2023-07-02 15:30:00,False,False,NO,True,9971644,,15,1688246124210.0,Lukas Tonar,True,Vladislav Hampejs,False,5.5,-115,-5.5,-125,+175,-255,74.5,-120,74.5,-120,,2023-07-02 10:30:00-05:00,2023-07-02,10:30 AM,Vladislav Hampejs,Lukas Tonar,07022023-Vladislav Hampejs-Lukas Tonar
12133668,Zdenek Bilek vs Jan Kanera,GAMEEVENT,/table-tennis/czech-republic/liga-pro/zdenek-bilek-jan-kanera-202307021130,U,TABL,2023-07-02 15:30:00,False,False,NO,True,9971644,,15,1688246127710.0,Zdenek Bilek,True,Jan Kanera,False,4.5,-125,-4.5,-115,+145,-205,79.5,-120,79.5,-120,,2023-07-02 10:30:00-05:00,2023-07-02,10:30 AM,Jan Kanera,Zdenek Bilek,07022023-Jan Kanera-Zdenek Bilek
12133702,Radomir Vidlicka vs Vojtech Konvicka,GAMEEVENT,/table-tennis/czech-republic/liga-pro/radomir-vidlicka-vojtech-konvicka-202307021130,U,TABL,2023-07-02 15:30:00,False,False,NO,True,9971644,,15,1688246127608.0,Radomir Vidlicka,True,Vojtech Konvicka,False,3.5,-125,-3.5,-115,+120,-170,75.5,-120,75.5,-120,,2023-07-02 10:30:00-05:00,2023-07-02,10:30 AM,,,
12133703,Martin Mastera vs Dominik Lengal,GAMEEVENT,/table-tennis/czech-republic/liga-pro/martin-mastera-dominik-lengal-202307021130,U,TABL,2023-07-02 15:30:00,False,False,NO,True,9971644,,15,1688246127509.0,Martin Mastera,True,Dominik Lengal,False,3.5,-125,-3.5,-115,+120,-170,75.5,-120,75.5,-120,,2023-07-02 10:30:00-05:00,2023-07-02,10:30 AM,Dominik Lengal,Martin Mastera,07022023-Dominik Lengal-Martin Mastera
12133707,Vladislav Hampejs vs Milan Klement,GAMEEVENT,/table-tennis/czech-republic/liga-pro/vladislav-hampejs-milan-klement-202307021200,U,TABL,2023-07-02 16:00:00,False,False,NO,True,9971644,,15,1688246128287.0,Vladislav Hampejs,True,Milan Klement,False,4.5,-125,-4.5,-115,+135,-190,75.5,-120,75.5,-120,,2023-07-02 11:00:00-05:00,2023-07-02,11:00 AM,Milan Klement,Vladislav Hampejs,07022023-Milan Klement-Vladislav Hampejs
12133685,Jan Kanera vs Tomas Postelt,GAMEEVENT,/table-tennis/czech-republic/liga-pro/jan-kanera-tomas-postelt-202307021200,U,TABL,2023-07-02 16:00:00,False,False,NO,True,9971644,,15,1688246128187.0,Jan Kanera,True,Tomas Postelt,False,3.5,-120,-3.5,-120,+135,-190,77.5,-120,77.5,-120,,2023-07-02 11:00:00-05:00,2023-07-02,11:00 AM,Tomas Postelt,Jan Kanera,07022023-Tomas Postelt-Jan Kanera
12133592,Dominik Lengal vs Michal Zobac,GAMEEVENT,/table-tennis/czech-republic/liga-pro/dominik-lengal-michal-zobac-202307021200,U,TABL,2023-07-02 16:00:00,False,False,NO,True,9971644,,5,1688246128076.0,Dominik Lengal,True,Michal Zobac,False,,,,,-230,+160,,,,,,2023-07-02 11:00:00-05:00,2023-07-02,11:00 AM,Michal Zobac,Dominik Lengal,07022023-Michal Zobac-Dominik Lengal
12133741,Vojtech Konvicka vs Svatoslav Stempen,GAMEEVENT,/table-tennis/czech-republic/liga-pro/vojtech-konvicka-svatoslav-stempen-202307021200,U,TABL,2023-07-02 16:00:00,False,False,NO,True,9971644,,15,1688246128397.0,Vojtech Konvicka,True,Svatoslav Stempen,False,2.5,-120,-2.5,-120,+110,-155,75.5,-120,75.5,-120,,2023-07-02 11:00:00-05:00,2023-07-02,11:00 AM,Svatoslav Stempen,,
11973384,Minnesota Twins @ Baltimore Orioles,GAMEEVENT,/baseball/mlb/minnesota-twins-baltimore-orioles-202307021205,U,BASE,2023-07-02 16:05:00,False,True,NO,True,24736,,3,1688255887667.0,Baltimore Orioles,True,Minnesota Twins,False,-1.5,+140,1.5,-165,-120,EVEN,8.5,-120,8.5,EVEN,,2023-07-02 11:05:00-05:00,2023-07-02,11:05 AM,Minnesota Twins,Baltimore Orioles,07022023-Minnesota Twins-Baltimore Orioles
12133717,Jaroslav Pilner vs Martin Mastera,GAMEEVENT,/table-tennis/czech-republic/liga-pro/jaroslav-pilner-martin-mastera-202307021230,U,TABL,2023-07-02 16:30:00,False,False,NO,True,9971644,,15,1688246128936.0,Jaroslav Pilner,True,Martin Mastera,False,-5.5,-125,5.5,-115,-255,+175,74.5,-120,74.5,-120,,2023-07-02 11:30:00-05:00,2023-07-02,11:30 AM,Martin Mastera,,
12133699,Petr Jochym vs Radomir Vidlicka,GAMEEVENT,/table-tennis/czech-republic/liga-pro/petr-jochym-radomir-vidlicka-202307021230,U,TABL,2023-07-02 16:30:00,False,False,NO,True,9971644,,15,1688246129133.0,Petr Jochym,True,Radomir Vidlicka,False,8.5,-125,-8.5,-115,+300,-480,71.5,-120,71.5,-120,,2023-07-02 11:30:00-05:00,2023-07-02,11:30 AM,,Petr Jochym,
12133696,Tomas Turek vs Zdenek Bilek,GAMEEVENT,/table-tennis/czech-republic/liga-pro/tomas-turek-zdenek-bilek-202307021230,U,TABL,2023-07-02 16:30:00,False,False,NO,True,9971644,,15,1688246129235.0,Tomas Turek,True,Zdenek Bilek,False,-5.5,-125,5.5,-115,-255,+175,74.5,-120,74.5,-120,,2023-07-02 11:30:00-05:00,2023-07-02,11:30 AM,Zdenek Bilek,Tomas Turek,07022023-Zdenek Bilek-Tomas Turek
12133705,Milan Urban vs Lukas Tonar,GAMEEVENT,/table-tennis/czech-republic/liga-pro/milan-urban-lukas-tonar-202307021230,U,TABL,2023-07-02 16:30:00,False,False,NO,True,9971644,,15,1688246129032.0,Milan Urban,True,Lukas Tonar,False,-3.5,-120,3.5,-120,-180,+125,75.5,-120,75.5,-120,,2023-07-02 11:30:00-05:00,2023-07-02,11:30 AM,Lukas Tonar,Milan Urban,07022023-Lukas Tonar-Milan Urban
11973390,Miami Marlins @ Atlanta Braves,GAMEEVENT,/baseball/mlb/miami-marlins-atlanta-braves-202307021335,U,BASE,2023-07-02 17:35:00,False,True,NO,True,24736,,3,1688258929892.0,Atlanta Braves,True,Miami Marlins,False,1.5,-125,-1.5,+105,+165,-200,8.5,-105,8.5,-115,,2023-07-02 12:35:00-05:00,2023-07-02,12:35 PM,Miami Marlins,Atlanta Braves,07022023-Miami Marlins-Atlanta Braves
11973385,Milwaukee Brewers @ Pittsburgh Pirates,GAMEEVENT,/baseball/mlb/milwaukee-brewers-pittsburgh-pirates-202307021335,U,BASE,2023-07-02 17:35:00,False,True,NO,True,24736,,3,1688259659858.0,Pittsburgh Pirates,True,Milwaukee Brewers,False,-1.5,+135,1.5,-160,-110,-110,9.0,-105,9.0,-115,,2023-07-02 12:35:00-05:00,2023-07-02,12:35 PM,Milwaukee Brewers,Pittsburgh Pirates,07022023-Milwaukee Brewers-Pittsburgh Pirates
11973377,Washington Nationals @ Philadelphia Phillies,GAMEEVENT,/baseball/mlb/washington-nationals-philadelphia-phillies-202307021335,U,BASE,2023-07-02 17:35:00,False,True,NO,True,24736,,3,1688259953522.0,Philadelphia Phillies,True,Washington Nationals,False,1.5,EVEN,-1.5,-120,+200,-245,9.0,-115,9.0,-105,,2023-07-02 12:35:00-05:00,2023-07-02,12:35 PM,Washington Nationals,Philadelphia Phillies,07022023-Washington Nationals-Philadelphia Phillies
11973388,Boston Red Sox @ Toronto Blue Jays,GAMEEVENT,/baseball/mlb/boston-red-sox-toronto-blue-jays-202307021337,U,BASE,2023-07-02 17:37:00,False,True,NO,True,24736,,3,1688257820545.0,Toronto Blue Jays,True,Boston Red Sox,False,1.5,-130,-1.5,+110,+160,-195,8.5,EVEN,8.5,-120,,2023-07-02 12:37:00-05:00,2023-07-02,12:37 PM,Boston Red Sox,Toronto Blue Jays,07022023-Boston Red Sox-Toronto Blue Jays
12133735,Rostyslav Kliuchuk vs Ondrej Svacha,GAMEEVENT,/table-tennis/czech-republic/liga-pro/rostyslav-kliuchuk-ondrej-svacha-202307021400,U,TABL,2023-07-02 18:00:00,False,False,NO,True,9971644,,15,1688246130230.0,Rostyslav Kliuchuk,True,Ondrej Svacha,False,-6.5,-120,6.5,-120,-315,+210,73.5,-120,73.5,-120,,2023-07-02 13:00:00-05:00,2023-07-02,01:00 PM,Ondrej Svacha,Rostyslav Kliuchuk,07022023-Ondrej Svacha-Rostyslav Kliuchuk
12133588,Pavel Gireth vs Tomas Turek,GAMEEVENT,/table-tennis/czech-republic/liga-pro/pavel-gireth-tomas-turek-202307021400,U,TABL,2023-07-02 18:00:00,False,False,NO,True,9971644,,5,1688246130127.0,Pavel Gireth,True,Tomas Turek,False,,,,,+110,-155,,,,,,2023-07-02 13:00:00-05:00,2023-07-02,01:00 PM,Tomas Turek,Pavel Gireth,07022023-Tomas Turek-Pavel Gireth
12133724,Marek Zaskodny vs Radek Benes,GAMEEVENT,/table-tennis/czech-republic/liga-pro/marek-zaskodny-radek-benes-202307021400,U,TABL,2023-07-02 18:00:00,False,False,NO,True,9971644,,15,1688246130088.0,Marek Zaskodny,True,Radek Benes,False,3.5,-120,-3.5,-120,+125,-180,75.5,-120,75.5,-120,,2023-07-02 13:00:00-05:00,2023-07-02,01:00 PM,Radek Benes,Marek Zaskodny,07022023-Radek Benes-Marek Zaskodny
12133729,Ladislav Svanda vs Jan Vidourek,GAMEEVENT,/table-tennis/czech-republic/liga-pro/ladislav-svanda-jan-vidourek-202307021400,U,TABL,2023-07-02 18:00:00,False,False,NO,True,9971644,,15,1688246129973.0,Ladislav Svanda,True,Jan Vidourek,False,-2.5,-120,2.5,-120,-155,+110,79.5,-120,79.5,-120,,2023-07-02 13:00:00-05:00,2023-07-02,01:00 PM,Jan Vidourek,Ladislav Svanda,07022023-Jan Vidourek-Ladislav Svanda
11973389,Los Angeles Dodgers @ Kansas City Royals,GAMEEVENT,/baseball/mlb/los-angeles-dodgers-kansas-city-royals-202307021410,U,BASE,2023-07-02 18:10:00,False,True,NO,True,24736,,3,1688257693562.0,Kansas City Royals,True,Los Angeles Dodgers,False,-1.5,-125,1.5,+105,-210,+170,9.5,-105,9.5,-115,,2023-07-02 13:10:00-05:00,2023-07-02,01:10 PM,Los Angeles Dodgers,Kansas City Royals,07022023-Los Angeles Dodgers-Kansas City Royals
11973378,Cleveland Guardians @ Chicago Cubs,GAMEEVENT,/baseball/mlb/cleveland-guardians-chicago-cubs-202307021420,U,BASE,2023-07-02 18:20:00,False,True,NO,True,24736,,1,1688239878716.0,Chicago Cubs,True,Cleveland Guardians,False,,,,,-115,-105,,,,,,2023-07-02 13:20:00-05:00,2023-07-02,01:20 PM,Cleveland Guardians,Chicago Cubs,07022023-Cleveland Guardians-Chicago Cubs
12133718,Vaclav Pech vs Radek Vranca,GAMEEVENT,/table-tennis/czech-republic/liga-pro/vaclav-pech-radek-vranca-202307021430,U,TABL,2023-07-02 18:30:00,False,False,NO,True,9971644,,15,1688246130780.0,Vaclav Pech,True,Radek Vranca,False,7.5,-125,-7.5,-115,+230,-350,73.5,-120,73.5,-120,,2023-07-02 13:30:00-05:00,2023-07-02,01:30 PM,Radek Vranca,Vaclav Pech,07022023-Radek Vranca-Vaclav Pech
12133727,Jan Zajicek vs Tomas Prosa,GAMEEVENT,/table-tennis/czech-republic/liga-pro/jan-zajicek-tomas-prosa-202307021430,U,TABL,2023-07-02 18:30:00,False,False,NO,True,9971644,,15,1688246130671.0,Jan Zajicek,True,Tomas Prosa,False,-4.5,-120,4.5,-120,-205,+145,75.5,-120,75.5,-120,,2023-07-02 13:30:00-05:00,2023-07-02,01:30 PM,Tomas Prosa,Jan Zajicek,07022023-Tomas Prosa-Jan Zajicek
12133726,David Sarganek vs David Stusek,GAMEEVENT,/table-tennis/czech-republic/liga-pro/david-sarganek-david-stusek-202307021430,U,TABL,2023-07-02 18:30:00,False,False,NO,True,9971644,,15,1688246130481.0,David Sarganek,True,David Stusek,False,-4.5,-120,4.5,-120,-205,+145,75.5,-120,75.5,-120,,2023-07-02 13:30:00-05:00,2023-07-02,01:30 PM,David Stusek,,
12133716,Jan Mecl Jnr vs Petr Oliver Korp,GAMEEVENT,/table-tennis/czech-republic/liga-pro/jan-mecl-jnr-petr-oliver-korp-202307021430,U,TABL,2023-07-02 18:30:00,False,False,NO,True,9971644,,15,1688246130577.0,Jan Mecl Jnr,True,Petr Oliver Korp,False,-4.5,-120,4.5,-120,-205,+145,75.5,-120,75.5,-120,,2023-07-02 13:30:00-05:00,2023-07-02,01:30 PM,Petr Oliver Korp,Jan Mecl Jnr,07022023-Petr Oliver Korp-Jan Mecl Jnr
12133736,Jan Vidourek vs Vaclav Pech,GAMEEVENT,/table-tennis/czech-republic/liga-pro/jan-vidourek-vaclav-pech-202307021500,U,TABL,2023-07-02 19:00:00,False,False,NO,True,9971644,,15,1688246131028.0,Jan Vidourek,True,Vaclav Pech,False,2.5,-120,-2.5,-120,+110,-155,75.5,-120,75.5,-120,,2023-07-02 14:00:00-05:00,2023-07-02,02:00 PM,Vaclav Pech,Jan Vidourek,07022023-Vaclav Pech-Jan Vidourek
12133722,Ondrej Svacha vs Jan Mecl Jnr,GAMEEVENT,/table-tennis/czech-republic/liga-pro/ondrej-svacha-jan-mecl-jnr-202307021500,U,TABL,2023-07-02 19:00:00,False,False,NO,True,9971644,,15,1688246131143.0,Ondrej Svacha,True,Jan Mecl Jnr,False,5.5,-120,-5.5,-120,+160,-230,74.5,-120,74.5,-120,,2023-07-02 14:00:00-05:00,2023-07-02,02:00 PM,Jan Mecl Jnr,Ondrej Svacha,07022023-Jan Mecl Jnr-Ondrej Svacha
12133728,Radek Benes vs David Sarganek,GAMEEVENT,/table-tennis/czech-republic/liga-pro/radek-benes-david-sarganek-202307021500,U,TABL,2023-07-02 19:00:00,False,False,NO,True,9971644,,15,1688246131230.0,Radek Benes,True,David Sarganek,False,4.5,-125,-4.5,-115,+135,-190,75.5,-120,75.5,-120,,2023-07-02 14:00:00-05:00,2023-07-02,02:00 PM,,Radek Benes,
12133738,Tomas Turek vs Jan Zajicek,GAMEEVENT,/table-tennis/czech-republic/liga-pro/tomas-turek-jan-zajicek-202307021500,U,TABL,2023-07-02 19:00:00,False,False,NO,True,9971644,,15,1688246131322.0,Tomas Turek,True,Jan Zajicek,False,9.5,-115,-9.5,-125,+400,-700,69.5,-120,69.5,-120,,2023-07-02 14:00:00-05:00,2023-07-02,02:00 PM,Jan Zajicek,Tomas Turek,07022023-Jan Zajicek-Tomas Turek
11973396,Detroit Tigers @ Colorado Rockies,GAMEEVENT,/baseball/mlb/detroit-tigers-colorado-rockies-202307021510,U,BASE,2023-07-02 19:10:00,False,True,NO,True,24736,,3,1688259922883.0,Colorado Rockies,True,Detroit Tigers,False,-1.5,+135,1.5,-160,-120,EVEN,12.0,EVEN,12.0,-120,,2023-07-02 14:10:00-05:00,2023-07-02,02:10 PM,Detroit Tigers,Colorado Rockies,07022023-Detroit Tigers-Colorado Rockies
12133731,David Stusek vs Marek Zaskodny,GAMEEVENT,/table-tennis/czech-republic/liga-pro/david-stusek-marek-zaskodny-202307021530,U,TABL,2023-07-02 19:30:00,False,False,NO,True,9971644,,15,1688246131559.0,David Stusek,True,Marek Zaskodny,False,0.5,-125,-0.5,-115,-120,-120,76.5,-120,76.5,-120,,2023-07-02 14:30:00-05:00,2023-07-02,02:30 PM,Marek Zaskodny,David Stusek,07022023-Marek Zaskodny-David Stusek
12133594,Petr Oliver Korp vs Rostyslav Kliuchuk,GAMEEVENT,/table-tennis/czech-republic/liga-pro/petr-oliver-korp-rostyslav-kliuchuk-202307021530,U,TABL,2023-07-02 19:30:00,False,False,NO,True,9971644,,5,1688246131599.0,Petr Oliver Korp,True,Rostyslav Kliuchuk,False,,,,,+125,-180,,,,,,2023-07-02 14:30:00-05:00,2023-07-02,02:30 PM,Rostyslav Kliuchuk,Petr Oliver Korp,07022023-Rostyslav Kliuchuk-Petr Oliver Korp
12133723,Radek Vranca vs Ladislav Svanda,GAMEEVENT,/table-tennis/czech-republic/liga-pro/radek-vranca-ladislav-svanda-202307021530,U,TABL,2023-07-02 19:30:00,False,False,NO,True,9971644,,15,1688246131696.0,Radek Vranca,True,Ladislav Svanda,False,-2.5,-120,2.5,-120,-155,+110,75.5,-120,75.5,-120,,2023-07-02 14:30:00-05:00,2023-07-02,02:30 PM,Ladislav Svanda,Radek Vranca,07022023-Ladislav Svanda-Radek Vranca
12133739,Tomas Prosa vs Pavel Gireth,GAMEEVENT,/table-tennis/czech-republic/liga-pro/tomas-prosa-pavel-gireth-202307021530,U,TABL,2023-07-02 19:30:00,False,False,NO,True,9971644,,15,1688246131789.0,Tomas Prosa,True,Pavel Gireth,False,8.5,-115,-8.5,-125,+325,-525,70.5,-120,70.5,-120,,2023-07-02 14:30:00-05:00,2023-07-02,02:30 PM,Pavel Gireth,Tomas Prosa,07022023-Pavel Gireth-Tomas Prosa
12133721,Pavel Gireth vs Jan Zajicek,GAMEEVENT,/table-tennis/czech-republic/liga-pro/pavel-gireth-jan-zajicek-202307021600,U,TABL,2023-07-02 20:00:00,False,False,NO,True,9971644,,15,1688246132190.0,Pavel Gireth,True,Jan Zajicek,False,8.5,-125,-8.5,-115,+300,-480,71.5,-120,71.5,-120,,2023-07-02 15:00:00-05:00,2023-07-02,03:00 PM,Jan Zajicek,Pavel Gireth,07022023-Jan Zajicek-Pavel Gireth
12133732,Ladislav Svanda vs Vaclav Pech,GAMEEVENT,/table-tennis/czech-republic/liga-pro/ladislav-svanda-vaclav-pech-202307021600,U,TABL,2023-07-02 20:00:00,False,False,NO,True,9971644,,14,1688246131991.0,Ladislav Svanda,True,Vaclav Pech,False,-2.5,-120,2.5,-120,-155,+110,75.5,-120,75.5,-120,,2023-07-02 15:00:00-05:00,2023-07-02,03:00 PM,Vaclav Pech,Ladislav Svanda,07022023-Vaclav Pech-Ladislav Svanda
12133734,Marek Zaskodny vs David Sarganek,GAMEEVENT,/table-tennis/czech-republic/liga-pro/marek-zaskodny-david-sarganek-202307021600,U,TABL,2023-07-02 20:00:00,False,False,NO,True,9971644,,15,1688246132094.0,Marek Zaskodny,True,David Sarganek,False,-4.5,-120,4.5,-120,-205,+145,75.5,-120,75.5,-120,,2023-07-02 15:00:00-05:00,2023-07-02,03:00 PM,,Marek Zaskodny,
12133720,Rostyslav Kliuchuk vs Jan Mecl Jnr,GAMEEVENT,/table-tennis/czech-republic/liga-pro/rostyslav-kliuchuk-jan-mecl-jnr-202307021600,U,TABL,2023-07-02 20:00:00,False,False,NO,True,9971644,,15,1688246132297.0,Rostyslav Kliuchuk,True,Jan Mecl Jnr,False,-2.5,-120,2.5,-120,-155,+110,79.5,-120,79.5,-120,,2023-07-02 15:00:00-05:00,2023-07-02,03:00 PM,Jan Mecl Jnr,Rostyslav Kliuchuk,07022023-Jan Mecl Jnr-Rostyslav Kliuchuk
12061018,Atlanta United vs Philadelphia Union,GAMEEVENT,/soccer/north-america/united-states/mls/atlanta-united-philadelphia-union-202307021600,U,SOCC,2023-07-02 20:00:00,False,False,NO,True,6687357,,115,1688254474094.0,Atlanta United,True,Philadelphia Union,False,0.0,-128,0.0,+108,+140,+180,2.5,-118,2.5,-102,265.0,2023-07-02 15:00:00-05:00,2023-07-02,03:00 PM,Philadelphia Union,Atlanta Utd,07022023-Philadelphia Union-Atlanta Utd
11973386,Arizona Diamondbacks @ Los Angeles Angels,GAMEEVENT,/baseball/mlb/arizona-diamondbacks-los-angeles-angels-202307021607,U,BASE,2023-07-02 20:07:00,False,True,NO,True,24736,,3,1688245925825.0,Los Angeles Angels,True,Arizona Diamondbacks,False,-1.5,+135,1.5,-160,-125,+105,8.5,-120,8.5,EVEN,,2023-07-02 15:07:00-05:00,2023-07-02,03:07 PM,Arizona Diamondbacks,Los Angeles Angels,07022023-Arizona Diamondbacks-Los Angeles Angels
11973380,Tampa Bay Rays @ Seattle Mariners,GAMEEVENT,/baseball/mlb/tampa-bay-rays-seattle-mariners-202307021610,U,BASE,2023-07-02 20:10:00,False,True,NO,True,24736,,3,1688245872539.0,Seattle Mariners,True,Tampa Bay Rays,False,1.5,-175,-1.5,+150,+113,-135,7.5,-115,7.5,-105,,2023-07-02 15:10:00-05:00,2023-07-02,03:10 PM,Tampa Bay Rays,Seattle Mariners,07022023-Tampa Bay Rays-Seattle Mariners
12133783,Radek Benes vs David Stusek,GAMEEVENT,/table-tennis/czech-republic/liga-pro/radek-benes-david-stusek-202307021630,U,TABL,2023-07-02 20:30:00,False,False,NO,True,9971644,,15,1688246132563.0,Radek Benes,True,David Stusek,False,-2.5,-120,2.5,-120,-155,+110,77.5,-120,77.5,-120,,2023-07-02 15:30:00-05:00,2023-07-02,03:30 PM,David Stusek,Radek Benes,07022023-David Stusek-Radek Benes
12133597,Ondrej Svacha vs Petr Oliver Korp,GAMEEVENT,/table-tennis/czech-republic/liga-pro/ondrej-svacha-petr-oliver-korp-202307021630,U,TABL,2023-07-02 20:30:00,False,False,NO,True,9971644,,5,1688246132473.0,Ondrej Svacha,True,Petr Oliver Korp,False,,,,,-120,-120,,,,,,2023-07-02 15:30:00-05:00,2023-07-02,03:30 PM,Petr Oliver Korp,Ondrej Svacha,07022023-Petr Oliver Korp-Ondrej Svacha
12133747,Jan Vidourek vs Radek Vranca,GAMEEVENT,/table-tennis/czech-republic/liga-pro/jan-vidourek-radek-vranca-202307021630,U,TABL,2023-07-02 20:30:00,False,False,NO,True,9971644,,15,1688246132436.0,Jan Vidourek,True,Radek Vranca,False,0.5,-125,-0.5,-115,-120,-120,76.5,-120,76.5,-120,,2023-07-02 15:30:00-05:00,2023-07-02,03:30 PM,Radek Vranca,Jan Vidourek,07022023-Radek Vranca-Jan Vidourek
12133719,Tomas Turek vs Tomas Prosa,GAMEEVENT,/table-tennis/czech-republic/liga-pro/tomas-turek-tomas-prosa-202307021630,U,TABL,2023-07-02 20:30:00,False,False,NO,True,9971644,,15,1688246132662.0,Tomas Turek,True,Tomas Prosa,False,-2.5,-120,2.5,-120,-155,+110,75.5,-120,75.5,-120,,2023-07-02 15:30:00-05:00,2023-07-02,03:30 PM,Tomas Prosa,Tomas Turek,07022023-Tomas Prosa-Tomas Turek
12133798,Robin Pacha vs Jan Sucharda,GAMEEVENT,/table-tennis/czech-republic/liga-pro/robin-pacha-jan-sucharda-202307021800,U,TABL,2023-07-02 22:00:00,False,False,NO,True,9971644,,5,1688246132811.0,Robin Pacha,True,Jan Sucharda,False,,,,,-155,+110,,,,,,2023-07-02 17:00:00-05:00,2023-07-02,05:00 PM,Jan Sucharda,Robin Pacha,07022023-Jan Sucharda-Robin Pacha
12133771,Matous Klimenta vs Jiri Louda,GAMEEVENT,/table-tennis/czech-republic/liga-pro/matous-klimenta-jiri-louda-202307021800,U,TABL,2023-07-02 22:00:00,False,False,NO,True,9971644,,15,1688246132762.0,Matous Klimenta,True,Jiri Louda,False,-2.5,-120,2.5,-120,-155,+110,75.5,-120,75.5,-120,,2023-07-02 17:00:00-05:00,2023-07-02,05:00 PM,Jiri Louda,Matous Klimenta,07022023-Jiri Louda-Matous Klimenta
12135172,Rostyslav Kliuchuk vs Jiri Ruzicka,GAMEEVENT,/table-tennis/czech-republic/liga-pro/rostyslav-kliuchuk-jiri-ruzicka-202307021830,U,TABL,2023-07-02 22:30:00,False,False,NO,True,9971644,,15,1688258762224.0,Rostyslav Kliuchuk,True,Jiri Ruzicka,False,0.5,-125,-0.5,-115,-120,-120,78.5,-120,78.5,-120,,2023-07-02 17:30:00-05:00,2023-07-02,05:30 PM,Jiri Ruzicka,Rostyslav Kliuchuk,07022023-Jiri Ruzicka-Rostyslav Kliuchuk
12133894,Martin Sobisek vs Marek Sedlak Snr,GAMEEVENT,/table-tennis/czech-republic/liga-pro/martin-sobisek-marek-sedlak-snr-202307021830,U,TABL,2023-07-02 22:30:00,False,False,NO,True,9971644,,15,1688246132920.0,Martin Sobisek,True,Marek Sedlak Snr,False,-3.5,-120,3.5,-120,-180,+125,75.5,-120,75.5,-120,,2023-07-02 17:30:00-05:00,2023-07-02,05:30 PM,Marek Sedlak Snr,Martin Sobisek,07022023-Marek Sedlak Snr-Martin Sobisek
12133876,Jan Sucharda vs Denis Hofman,GAMEEVENT,/table-tennis/czech-republic/liga-pro/jan-sucharda-denis-hofman-202307021900,U,TABL,2023-07-02 23:00:00,False,False,NO,True,9971644,,15,1688246133022.0,Jan Sucharda,True,Denis Hofman,False,0.5,-125,-0.5,-115,-120,-120,76.5,-120,76.5,-120,,2023-07-02 18:00:00-05:00,2023-07-02,06:00 PM,Denis Hofman,Jan Sucharda,07022023-Denis Hofman-Jan Sucharda
12133884,Jiri Louda vs Martin Huk,GAMEEVENT,/table-tennis/czech-republic/liga-pro/jiri-louda-martin-huk-202307021900,U,TABL,2023-07-02 23:00:00,False,False,NO,True,9971644,,15,1688246133117.0,Jiri Louda,True,Martin Huk,False,7.5,-125,-7.5,-115,+230,-350,73.5,-120,73.5,-120,,2023-07-02 18:00:00-05:00,2023-07-02,06:00 PM,Martin Huk,Jiri Louda,07022023-Martin Huk-Jiri Louda
12133989,Robin Pacha vs Martin Sobisek,GAMEEVENT,/table-tennis/czech-republic/liga-pro/robin-pacha-martin-sobisek-202307021930,U,TABL,2023-07-02 23:30:00,False,False,NO,True,9971644,,15,1688246133307.0,Robin Pacha,True,Martin Sobisek,False,2.5,-120,-2.5,-120,+110,-155,75.5,-120,75.5,-120,,2023-07-02 18:30:00-05:00,2023-07-02,06:30 PM,Martin Sobisek,Robin Pacha,07022023-Martin Sobisek-Robin Pacha
12133956,Matous Klimenta vs Rostyslav Kliuchuk,GAMEEVENT,/table-tennis/czech-republic/liga-pro/matous-klimenta-rostyslav-kliuchuk-202307021930,U,TABL,2023-07-02 23:30:00,False,False,NO,True,9971644,,15,1688246133211.0,Matous Klimenta,True,Rostyslav Kliuchuk,False,-2.5,-120,2.5,-120,-155,+110,80.5,-120,80.5,-120,,2023-07-02 18:30:00-05:00,2023-07-02,06:30 PM,Rostyslav Kliuchuk,Matous Klimenta,07022023-Rostyslav Kliuchuk-Matous Klimenta
12133997,Martin Huk vs Jiri Ruzicka,GAMEEVENT,/table-tennis/czech-republic/liga-pro/martin-huk-jiri-ruzicka-202307022000,U,TABL,2023-07-03 00:00:00,False,False,NO,True,9971644,,5,1688246133440.0,Martin Huk,True,Jiri Ruzicka,False,,,,,-205,+145,,,,,,2023-07-02 19:00:00-05:00,2023-07-02,07:00 PM,Jiri Ruzicka,Martin Huk,07022023-Jiri Ruzicka-Martin Huk
12133993,Denis Hofman vs Marek Sedlak Snr,GAMEEVENT,/table-tennis/czech-republic/liga-pro/denis-hofman-marek-sedlak-snr-202307022000,U,TABL,2023-07-03 00:00:00,False,False,NO,True,9971644,,15,1688246133402.0,Denis Hofman,True,Marek Sedlak Snr,False,-4.5,-120,4.5,-120,-205,+145,75.5,-120,75.5,-120,,2023-07-02 19:00:00-05:00,2023-07-02,07:00 PM,Marek Sedlak Snr,Denis Hofman,07022023-Marek Sedlak Snr-Denis Hofman
12134238,Jan Sucharda vs Martin Sobisek,GAMEEVENT,/table-tennis/czech-republic/liga-pro/jan-sucharda-martin-sobisek-202307022030,U,TABL,2023-07-03 00:30:00,False,False,NO,True,9971644,,15,1688246133541.0,Jan Sucharda,True,Martin Sobisek,False,0.5,-125,-0.5,-115,-120,-120,76.5,-120,76.5,-120,,2023-07-02 19:30:00-05:00,2023-07-02,07:30 PM,Martin Sobisek,Jan Sucharda,07022023-Martin Sobisek-Jan Sucharda
12135168,Jiri Louda vs Rostyslav Kliuchuk,GAMEEVENT,/table-tennis/czech-republic/liga-pro/jiri-louda-rostyslav-kliuchuk-202307022030,U,TABL,2023-07-03 00:30:00,False,False,NO,True,9971644,,15,1688258762315.0,Jiri Louda,True,Rostyslav Kliuchuk,False,4.5,-125,-4.5,-115,+145,-205,78.5,-120,78.5,-120,,2023-07-02 19:30:00-05:00,2023-07-02,07:30 PM,Rostyslav Kliuchuk,Jiri Louda,07022023-Rostyslav Kliuchuk-Jiri Louda
12134273,Jiri Ruzicka vs Matous Klimenta,GAMEEVENT,/table-tennis/czech-republic/liga-pro/jiri-ruzicka-matous-klimenta-202307022100,U,TABL,2023-07-03 01:00:00,False,False,NO,True,9971644,,15,1688246133655.0,Jiri Ruzicka,True,Matous Klimenta,False,-3.5,-120,3.5,-120,-180,+125,77.5,-120,77.5,-120,,2023-07-02 20:00:00-05:00,2023-07-02,08:00 PM,Matous Klimenta,Jiri Ruzicka,07022023-Matous Klimenta-Jiri Ruzicka
12134278,Marek Sedlak Snr vs Robin Pacha,GAMEEVENT,/table-tennis/czech-republic/liga-pro/marek-sedlak-snr-robin-pacha-202307022100,U,TABL,2023-07-03 01:00:00,False,False,NO,True,9971644,,15,1688246133756.0,Marek Sedlak Snr,True,Robin Pacha,False,-4.5,-120,4.5,-120,-205,+145,75.5,-120,75.5,-120,,2023-07-02 20:00:00-05:00,2023-07-02,08:00 PM,Robin Pacha,Marek Sedlak Snr,07022023-Robin Pacha-Marek Sedlak Snr
12134355,Rostyslav Kliuchuk vs Martin Huk,GAMEEVENT,/table-tennis/czech-republic/liga-pro/rostyslav-kliuchuk-martin-huk-202307022130,U,TABL,2023-07-03 01:30:00,False,False,NO,True,9971644,,15,1688246133948.0,Rostyslav Kliuchuk,True,Martin Huk,False,3.5,-125,-3.5,-115,+120,-170,75.5,-120,75.5,-120,,2023-07-02 20:30:00-05:00,2023-07-02,08:30 PM,Martin Huk,Rostyslav Kliuchuk,07022023-Martin Huk-Rostyslav Kliuchuk
12134294,Martin Sobisek vs Denis Hofman,GAMEEVENT,/table-tennis/czech-republic/liga-pro/martin-sobisek-denis-hofman-202307022130,U,TABL,2023-07-03 01:30:00,False,False,NO,True,9971644,,15,1688246133851.0,Martin Sobisek,True,Denis Hofman,False,4.5,-125,-4.5,-115,+135,-190,75.5,-120,75.5,-120,,2023-07-02 20:30:00-05:00,2023-07-02,08:30 PM,Denis Hofman,Martin Sobisek,07022023-Denis Hofman-Martin Sobisek
12134358,Marek Sedlak Snr vs Jan Sucharda,GAMEEVENT,/table-tennis/czech-republic/liga-pro/marek-sedlak-snr-jan-sucharda-202307022200,U,TABL,2023-07-03 02:00:00,False,False,NO,True,9971644,,15,1688246134039.0,Marek Sedlak Snr,True,Jan Sucharda,False,0.5,-125,-0.5,-115,-120,-120,76.5,-120,76.5,-120,,2023-07-02 21:00:00-05:00,2023-07-02,09:00 PM,Jan Sucharda,Marek Sedlak Snr,07022023-Jan Sucharda-Marek Sedlak Snr
12135182,Jiri Ruzicka vs Jiri Louda,GAMEEVENT,/table-tennis/czech-republic/liga-pro/jiri-ruzicka-jiri-louda-202307022200,U,TABL,2023-07-03 02:00:00,False,False,NO,True,9971644,,15,1688258762410.0,Jiri Ruzicka,True,Jiri Louda,False,-6.5,-120,6.5,-120,-315,+210,73.5,-120,73.5,-120,,2023-07-02 21:00:00-05:00,2023-07-02,09:00 PM,Jiri Louda,Jiri Ruzicka,07022023-Jiri Louda-Jiri Ruzicka
12134373,Martin Huk vs Matous Klimenta,GAMEEVENT,/table-tennis/czech-republic/liga-pro/martin-huk-matous-klimenta-202307022230,U,TABL,2023-07-03 02:30:00,False,False,NO,True,9971644,,15,1688246134250.0,Martin Huk,True,Matous Klimenta,False,0.5,-125,-0.5,-115,-120,-120,76.5,-120,76.5,-120,,2023-07-02 21:30:00-05:00,2023-07-02,09:30 PM,Matous Klimenta,Martin Huk,07022023-Matous Klimenta-Martin Huk
12134365,Denis Hofman vs Robin Pacha,GAMEEVENT,/table-tennis/czech-republic/liga-pro/denis-hofman-robin-pacha-202307022230,U,TABL,2023-07-03 02:30:00,False,False,NO,True,9971644,,15,1688246134146.0,Denis Hofman,True,Robin Pacha,False,-4.5,-120,4.5,-120,-205,+145,75.5,-120,75.5,-120,,2023-07-02 21:30:00-05:00,2023-07-02,09:30 PM,Robin Pacha,Denis Hofman,07022023-Robin Pacha-Denis Hofman
12114112,British Columbia Lions @ Toronto Argonauts,GAMEEVENT,/football/cfl/british-columbia-lions-toronto-argonauts-202307031900,U,FOOT,2023-07-03 23:00:00,False,True,NO,True,27619,,30,1688235669502.0,Toronto Argonauts,True,British Columbia Lions,False,-3.0,-110,3.0,-110,-170,+145,47.5,-110,47.5,-110,,2023-07-03 18:00:00-05:00,2023-07-03,06:00 PM,British Columbia Lions,Toronto Argonauts,07032023-British Columbia Lions-Toronto Argonauts
12022483,Inter Miami vs Columbus Crew,GAMEEVENT,/soccer/north-america/united-states/mls/inter-miami-columbus-crew-202307041930,U,SOCC,2023-07-04 23:30:00,False,False,NO,True,6687357,,98,1688258971359.0,Inter Miami,True,Columbus Crew,False,0.0,-110,0.0,-110,+160,+160,2.5,-112,2.5,-108,255.0,2023-07-04 18:30:00-05:00,2023-07-04,06:30 PM,Columbus Crew,Inter Miami,07042023-Columbus Crew-Inter Miami
12022481,Orlando City SC vs Toronto FC,GAMEEVENT,/soccer/north-america/united-states/mls/orlando-city-sc-toronto-fc-202307041930,U,SOCC,2023-07-04 23:30:00,False,False,NO,True,6687357,,97,1688258932239.0,Orlando City,True,Toronto FC,False,-0.5,-112,0.5,-108,-115,+320,2.5,-115,2.5,-105,260.0,2023-07-04 18:30:00-05:00,2023-07-04,06:30 PM,Toronto FC,Orlando City,07042023-Toronto FC-Orlando City
12061019,FC Dallas vs DC United,GAMEEVENT,/soccer/north-america/united-states/mls/fc-dallas-dc-united-202307042030,U,SOCC,2023-07-05 00:30:00,False,False,NO,True,6687357,,97,1688252281552.0,FC Dallas,True,DC United,False,0.0,-110,0.0,-110,+120,+220,2.5,+102,2.5,-122,250.0,2023-07-04 19:30:00-05:00,2023-07-04,07:30 PM,DC Utd,FC Dallas,07042023-DC Utd-FC Dallas
12061025,Colorado Rapids vs Portland Timbers,GAMEEVENT,/soccer/north-america/united-states/mls/colorado-rapids-portland-timbers-202307042130,U,SOCC,2023-07-05 01:30:00,False,False,NO,True,6687357,,97,1688230355468.0,Colorado Rapids,True,Portland Timbers,False,0.0,-110,0.0,-110,+120,+220,2.5,+102,2.5,-122,250.0,2023-07-04 20:30:00-05:00,2023-07-04,08:30 PM,Portland Timbers,Colorado Rapids,07042023-Portland Timbers-Colorado Rapids
12033601,Los Angeles Galaxy vs Los Angeles FC,GAMEEVENT,/soccer/north-america/united-states/mls/los-angeles-galaxy-los-angeles-fc-202307042230,U,SOCC,2023-07-05 02:30:00,False,False,NO,True,6687357,,96,1688252278389.0,LA Galaxy,True,Los Angeles FC,False,0.0,-108,0.0,-112,+230,+120,2.5,EVEN,2.5,-120,245.0,2023-07-04 21:30:00-05:00,2023-07-04,09:30 PM,LAFC,LA Galaxy,07042023-LAFC-LA Galaxy
12026209,New York City FC vs Charlotte FC,GAMEEVENT,/soccer/north-america/united-states/mls/new-york-city-fc-charlotte-fc-202307051930,U,SOCC,2023-07-05 23:30:00,False,False,NO,True,6687357,,95,1688259812793.0,New York City FC,True,Charlotte FC,False,-0.5,-108,0.5,-112,-110,+300,2.5,-110,2.5,-110,255.0,2023-07-05 18:30:00-05:00,2023-07-05,06:30 PM,Charlotte FC,New York City FC,07052023-Charlotte FC-New York City FC
12069029,Burnley vs Manchester City,GAMEEVENT,/soccer/europe/england/premier-league/burnley-manchester-city-202308111500,U,SOCC,2023-08-11 19:00:00,False,False,NO,True,6673859,,82,1688211775299.0,Burnley,True,Manchester City,False,1.5,-115,-1.5,-105,+700,-315,3.0,+102,3.0,-122,420.0,2023-08-11 14:00:00-05:00,2023-08-11,02:00 PM,Manchester City,Burnley,08112023-Manchester City-Burnley
12069039,Arsenal vs Nottingham Forest,GAMEEVENT,/soccer/europe/england/premier-league/arsenal-nottingham-forest-202308120730,U,SOCC,2023-08-12 11:30:00,False,False,NO,True,6673859,,82,1688115822553.0,Arsenal,True,Nottingham Forest,False,-1.5,-105,1.5,-115,-375,+800,3.0,-105,3.0,-115,475.0,2023-08-12 06:30:00-05:00,2023-08-12,06:30 AM,Nottingham Forest,Arsenal,08122023-Nottingham Forest-Arsenal
12069048,Bournemouth vs West Ham United,GAMEEVENT,/soccer/europe/england/premier-league/bournemouth-west-ham-united-202308121000,U,SOCC,2023-08-12 14:00:00,False,False,NO,True,6673859,,83,1688039190454.0,Bournemouth,True,West Ham United,False,0.0,+105,0.0,-125,+180,+145,2.5,-110,2.5,-110,230.0,2023-08-12 09:00:00-05:00,2023-08-12,09:00 AM,West Ham United,Bournemouth,08122023-West Ham United-Bournemouth
12069067,Brighton & Hove Albion vs Luton Town,GAMEEVENT,/soccer/europe/england/premier-league/brighton-hove-albion-luton-town-202308121000,U,SOCC,2023-08-12 14:00:00,False,False,NO,True,6673859,,82,1688039190458.0,Brighton & Hove Albion,True,Luton Town,False,-1.5,-105,1.5,-115,-315,+725,2.5,-115,2.5,-105,420.0,2023-08-12 09:00:00-05:00,2023-08-12,09:00 AM,Luton Town,Brighton,08122023-Luton Town-Brighton
12069075,Everton vs Fulham,GAMEEVENT,/soccer/europe/england/premier-league/everton-fulham-202308121000,U,SOCC,2023-08-12 14:00:00,False,False,NO,True,6673859,,82,1688039190458.0,Everton,True,Fulham,False,0.0,-112,0.0,-108,+115,+220,2.5,EVEN,2.5,-120,240.0,2023-08-12 09:00:00-05:00,2023-08-12,09:00 AM,Fulham,Everton,08122023-Fulham-Everton
12069093,Sheffield United vs Crystal Palace,GAMEEVENT,/soccer/europe/england/premier-league/sheffield-united-crystal-palace-202308121000,U,SOCC,2023-08-12 14:00:00,False,False,NO,True,6673859,,83,1688039190457.0,Sheffield United,True,Crystal Palace,False,0.0,+111,0.0,-132,+190,+140,2.0,-115,2.0,-105,220.0,2023-08-12 09:00:00-05:00,2023-08-12,09:00 AM,Crystal Palace,Sheffield United,08122023-Crystal Palace-Sheffield United
12069127,Newcastle United vs Aston Villa,GAMEEVENT,/soccer/europe/england/premier-league/newcastle-united-aston-villa-202308121230,U,SOCC,2023-08-12 16:30:00,False,False,NO,True,6673859,,83,1688225214130.0,Newcastle United,True,Aston Villa,False,-0.5,-105,0.5,-115,-140,+350,2.5,-120,2.5,EVEN,280.0,2023-08-12 11:30:00-05:00,2023-08-12,11:30 AM,Aston Villa,Newcastle United,08122023-Aston Villa-Newcastle United
12069110,Brentford vs Tottenham Hotspur,GAMEEVENT,/soccer/europe/england/premier-league/brentford-tottenham-hotspur-202308130900,U,SOCC,2023-08-13 13:00:00,False,False,NO,True,6673859,,83,1688039190457.0,Brentford,True,Tottenham Hotspur,False,0.0,-125,0.0,+105,+200,+135,2.5,-122,2.5,+102,220.0,2023-08-13 08:00:00-05:00,2023-08-13,08:00 AM,Tottenham Hotspur,Brentford,08132023-Tottenham Hotspur-Brentford
12069097,Chelsea vs Liverpool,GAMEEVENT,/soccer/europe/england/premier-league/chelsea-liverpool-202308131130,U,SOCC,2023-08-13 15:30:00,False,False,NO,True,6673859,,91,1688039190457.0,Chelsea,True,Liverpool,False,0.0,+108,0.0,-128,+185,+140,2.5,-105,2.5,-115,235.0,2023-08-13 10:30:00-05:00,2023-08-13,10:30 AM,Liverpool,Chelsea,08132023-Liverpool-Chelsea
12069080,Manchester United vs Wolverhampton Wanderers,GAMEEVENT,/soccer/europe/england/premier-league/manchester-united-wolverhampton-wanderers-202308141500,U,SOCC,2023-08-14 19:00:00,False,False,NO,True,6673859,,82,1688211901409.0,Manchester United,True,Wolverhampton Wanderers,False,-1.0,-122,1.0,+102,-275,+625,3.0,EVEN,3.0,-120,390.0,2023-08-14 14:00:00-05:00,2023-08-14,02:00 PM,Wolverhampton Wanderers,Manchester United,08142023-Wolverhampton Wanderers-Manchester United
11569500,Navy @ Notre Dame,GAMEEVENT,/football/college-football/navy-notre-dame-202308261430,U,FOOT,2023-08-26 18:30:00,False,True,NO,True,25737,"At Aviva Stadium - Dublin, IE",3,1688242090082.0,Notre Dame,True,Navy,False,20.0,-110,-20.0,-110,+775,-1500,49.0,-110,49.0,-110,,2023-08-26 13:30:00-05:00,2023-08-26,01:30 PM,Navy,Notre Dame,08262023-Navy-Notre Dame
11967510,UTEP @ Jacksonville State,GAMEEVENT,/football/college-football/utep-jacksonville-state-202308261730,O,FOOT,2023-08-26 21:30:00,False,True,NO,True,25737,,3,1688039451771.0,Jacksonville State,True,UTEP,False,2.0,-110,-2.0,-110,+110,-130,52.5,-110,52.5,-110,,2023-08-26 16:30:00-05:00,2023-08-26,04:30 PM,UTEP,Jacksonville State,08262023-UTEP-Jacksonville State
11967377,Massachusetts @ New Mexico State,GAMEEVENT,/football/college-football/massachusetts-new-mexico-state-202308261900,O,FOOT,2023-08-26 23:00:00,False,True,NO,True,25737,,3,1688239905036.0,New Mexico State,True,Massachusetts,False,8.5,-110,-8.5,-110,+285,-370,44.0,-110,44.0,-110,,2023-08-26 18:00:00-05:00,2023-08-26,06:00 PM,Massachusetts,New Mexico State,08262023-Massachusetts-New Mexico State
11967496,Ohio @ San Diego State,GAMEEVENT,/football/college-football/ohio-san-diego-state-202308261900,O,FOOT,2023-08-26 23:00:00,False,True,NO,True,25737,,3,1688240239115.0,San Diego State,True,Ohio,False,3.5,-110,-3.5,-110,+145,-170,49.0,-110,49.0,-110,,2023-08-26 18:00:00-05:00,2023-08-26,06:00 PM,Ohio,San Diego State,08262023-Ohio-San Diego State
11967515,Hawaii @ Vanderbilt,GAMEEVENT,/football/college-football/hawaii-vanderbilt-202308261930,O,FOOT,2023-08-26 23:30:00,False,True,NO,True,25737,,3,1688178588307.0,Vanderbilt,True,Hawaii,False,18.0,-110,-18.0,-110,+750,-1400,56.0,-110,56.0,-110,,2023-08-26 18:30:00-05:00,2023-08-26,06:30 PM,Hawaii,Vanderbilt,08262023-Hawaii-Vanderbilt
11967495,San Jose State @ USC,GAMEEVENT,/football/college-football/san-jose-state-usc-202308262000,O,FOOT,2023-08-27 00:00:00,False,True,MAINPERIOD,True,25737,,2,1688239917250.0,USC,True,San Jose State,False,31.0,-110,-31.0,-110,,,63.0,-110,63.0,-110,,2023-08-26 19:00:00-05:00,2023-08-26,07:00 PM,San Jose State,USC,08262023-San Jose State-USC
11967416,Florida International @ Louisiana Tech,GAMEEVENT,/football/college-football/florida-international-louisiana-tech-202308262100,O,FOOT,2023-08-27 01:00:00,False,True,NO,True,25737,,3,1688169733322.0,Louisiana Tech,True,Florida International,False,9.5,-110,-9.5,-110,+290,-380,59.0,-110,59.0,-110,,2023-08-26 20:00:00-05:00,2023-08-26,08:00 PM,Florida International,Louisiana Tech,08262023-Florida International-Louisiana Tech
11967613,Kent State @ Central Florida,GAMEEVENT,/football/college-football/kent-state-central-florida-202308311900,O,FOOT,2023-08-31 23:00:00,False,True,MAINPERIOD,True,25737,,2,1688169733275.0,Central Florida,True,Kent State,False,35.0,-110,-35.0,-110,,,59.0,-110,59.0,-110,,2023-08-31 18:00:00-05:00,2023-08-31,06:00 PM,Kent State,Central Florida,08312023-Kent State-Central Florida
11967616,NC State @ Connecticut,GAMEEVENT,/football/college-football/nc-state-connecticut-202308311900,O,FOOT,2023-08-31 23:00:00,False,True,NO,True,25737,,3,1688169733281.0,Connecticut,True,NC State,False,-16.5,-110,16.5,-110,-1000,+625,50.0,-110,50.0,-110,,2023-08-31 18:00:00-05:00,2023-08-31,06:00 PM,NC State,Connecticut,08312023-NC State-Connecticut
11824935,Florida  @ Utah,GAMEEVENT,/football/college-football/florida-utah-202308312000,U,FOOT,2023-09-01 00:00:00,False,True,NO,True,25737,,3,1688239926950.0,Utah,True,Florida ,False,9.0,-110,-9.0,-110,+290,-380,50.0,-110,50.0,-110,,2023-08-31 19:00:00-05:00,2023-08-31,07:00 PM,Florida ,Utah,08312023-Florida -Utah
11974076,Nebraska @ Minnesota ,GAMEEVENT,/football/college-football/nebraska-minnesota-202308312000,O,FOOT,2023-09-01 00:00:00,False,True,NO,True,25737,,3,1688039451921.0,Minnesota ,True,Nebraska,False,7.5,-110,-7.5,-110,+255,-310,47.0,-110,47.0,-110,,2023-08-31 19:00:00-05:00,2023-08-31,07:00 PM,Nebraska,Minnesota ,08312023-Nebraska-Minnesota 
11972390,Central Michigan @ Michigan State,GAMEEVENT,/football/college-football/central-michigan-michigan-state-202309011900,O,FOOT,2023-09-01 23:00:00,False,True,NO,True,25737,,3,1688239942316.0,Michigan State,True,Central Michigan,False,14.5,-110,-14.5,-110,+475,-700,51.0,-110,51.0,-110,,2023-09-01 18:00:00-05:00,2023-09-01,06:00 PM,Central Michigan,Michigan State,09012023-Central Michigan-Michigan State
11571645,Miami Ohio @ Miami Florida ,GAMEEVENT,/football/college-football/miami-ohio-miami-florida-202309011900,U,FOOT,2023-09-01 23:00:00,False,True,NO,True,25737,,3,1688239933969.0,Miami Florida ,True,Miami Ohio,False,17.5,-110,-17.5,-110,+575,-900,48.0,-110,48.0,-110,,2023-09-01 18:00:00-05:00,2023-09-01,06:00 PM,Miami Ohio,Miami Florida ,09012023-Miami Ohio-Miami Florida 
11967730,Louisville @ Georgia Tech,GAMEEVENT,/football/college-football/louisville-georgia-tech-202309011930,O,FOOT,2023-09-01 23:30:00,False,True,NO,True,25737,"At Mercedes-Benz Stadium - Atlanta, GA",3,1688171452274.0,Georgia Tech,True,Louisville,False,-8.0,-110,8.0,-110,-330,+265,52.0,-110,52.0,-110,,2023-09-01 18:30:00-05:00,2023-09-01,06:30 PM,Louisville,Georgia Tech,09012023-Louisville-Georgia Tech
11972391,Stanford @ Hawaii,GAMEEVENT,/football/college-football/stanford-hawaii-202309012300,O,FOOT,2023-09-02 03:00:00,False,True,NO,True,25737,,3,1688055304294.0,Hawaii,True,Stanford,False,-9.5,-110,9.5,-110,-420,+315,58.5,-110,58.5,-110,,2023-09-01 22:00:00-05:00,2023-09-01,10:00 PM,Stanford,Hawaii,09012023-Stanford-Hawaii
11972393,East Carolina @ Michigan,GAMEEVENT,/football/college-football/east-carolina-michigan-202309021200,O,FOOT,2023-09-02 16:00:00,False,True,NO,True,25737,,1,1688039451883.0,Michigan,True,East Carolina,False,36.5,-110,-36.5,-110,,,,,,,,2023-09-02 11:00:00-05:00,2023-09-02,11:00 AM,East Carolina,Michigan,09022023-East Carolina-Michigan
11972401,Ball State @ Kentucky,GAMEEVENT,/football/college-football/ball-state-kentucky-202309021200,O,FOOT,2023-09-02 16:00:00,False,True,NO,True,25737,,1,1688039451880.0,Kentucky,True,Ball State,False,26.5,-110,-26.5,-110,,,,,,,,2023-09-02 11:00:00-05:00,2023-09-02,11:00 AM,Ball State,Kentucky,09022023-Ball State-Kentucky
11972394,Bowling Green @ Liberty,GAMEEVENT,/football/college-football/bowling-green-liberty-202309021200,O,FOOT,2023-09-02 16:00:00,False,True,NO,True,25737,,1,1688039451882.0,Liberty,True,Bowling Green,False,12.0,-110,-12.0,-110,,,,,,,,2023-09-02 11:00:00-05:00,2023-09-02,11:00 AM,Bowling Green,Liberty,09022023-Bowling Green-Liberty
11569512,Colorado @ TCU,GAMEEVENT,/football/college-football/colorado-tcu-202309021200,U,FOOT,2023-09-02 16:00:00,False,True,NO,True,25737,,1,1688039451687.0,TCU,True,Colorado,False,20.0,-110,-20.0,-110,,,,,,,,2023-09-02 11:00:00-05:00,2023-09-02,11:00 AM,Colorado,TCU,09022023-Colorado-TCU
11972397,Fresno State @ Purdue,GAMEEVENT,/football/college-football/fresno-state-purdue-202309021200,O,FOOT,2023-09-02 16:00:00,False,True,NO,True,25737,,1,1688146261712.0,Purdue,True,Fresno State,False,6.0,-110,-6.0,-110,,,,,,,,2023-09-02 11:00:00-05:00,2023-09-02,11:00 AM,Fresno State,Purdue,09022023-Fresno State-Purdue
11972405,Louisiana Tech @ SMU,GAMEEVENT,/football/college-football/louisiana-tech-smu-202309021200,O,FOOT,2023-09-02 16:00:00,False,True,NO,True,25737,,1,1688039451880.0,SMU,True,Louisiana Tech,False,16.5,-110,-16.5,-110,,,,,,,,2023-09-02 11:00:00-05:00,2023-09-02,11:00 AM,Louisiana Tech,SMU,09022023-Louisiana Tech-SMU
11972398,Northern Illinois @ Boston College,GAMEEVENT,/football/college-football/northern-illinois-boston-college-202309021200,O,FOOT,2023-09-02 16:00:00,False,True,NO,True,25737,,1,1688039451882.0,Boston College,True,Northern Illinois,False,10.5,-110,-10.5,-110,,,,,,,,2023-09-02 11:00:00-05:00,2023-09-02,11:00 AM,Northern Illinois,Boston College,09022023-Northern Illinois-Boston College
11972402,Utah State @ Iowa,GAMEEVENT,/football/college-football/utah-state-iowa-202309021200,O,FOOT,2023-09-02 16:00:00,False,True,NO,True,25737,,1,1688039451880.0,Iowa,True,Utah State,False,21.0,-110,-21.0,-110,,,,,,,,2023-09-02 11:00:00-05:00,2023-09-02,11:00 AM,Utah State,Iowa,09022023-Utah State-Iowa
11967861,Virginia @ Tennessee,GAMEEVENT,/football/college-football/virginia-tennessee-202309021200,O,FOOT,2023-09-02 16:00:00,False,True,NO,True,25737,"At Nissan Stadium - Nashville, TN",1,1688094634211.0,Tennessee,True,Virginia,False,28.0,-110,-28.0,-110,,,,,,,,2023-09-02 11:00:00-05:00,2023-09-02,11:00 AM,Virginia,Tennessee,09022023-Virginia-Tennessee
11972395,Arkansas State @ Oklahoma ,GAMEEVENT,/football/college-football/arkansas-state-oklahoma-202309021200,O,FOOT,2023-09-02 16:00:00,False,True,NO,True,25737,,1,1688039451883.0,Oklahoma ,True,Arkansas State,False,33.0,-110,-33.0,-110,,,,,,,,2023-09-02 11:00:00-05:00,2023-09-02,11:00 AM,Arkansas State,Oklahoma ,09022023-Arkansas State-Oklahoma 
11972399,Akron @ Temple,GAMEEVENT,/football/college-football/akron-temple-202309021400,O,FOOT,2023-09-02 18:00:00,False,True,NO,True,25737,,1,1688039451882.0,Temple,True,Akron,False,10.0,-110,-10.0,-110,,,,,,,,2023-09-02 13:00:00-05:00,2023-09-02,01:00 PM,Akron,Temple,09022023-Akron-Temple
11972411,South Florida @ Western Kentucky,GAMEEVENT,/football/college-football/south-florida-western-kentucky-202309021530,O,FOOT,2023-09-02 19:30:00,False,True,NO,True,25737,,1,1688039451880.0,Western Kentucky,True,South Florida,False,13.5,-110,-13.5,-110,,,,,,,,2023-09-02 14:30:00-05:00,2023-09-02,02:30 PM,South Florida,Western Kentucky,09022023-South Florida-Western Kentucky
11972410,Rice @ Texas,GAMEEVENT,/football/college-football/rice-texas-202309021530,O,FOOT,2023-09-02 19:30:00,False,True,NO,True,25737,,1,1688039451880.0,Texas,True,Rice,False,35.0,-110,-35.0,-110,,,,,,,,2023-09-02 14:30:00-05:00,2023-09-02,02:30 PM,Rice,Texas,09022023-Rice-Texas
11972396,Ohio State @ Indiana,GAMEEVENT,/football/college-football/ohio-state-indiana-202309021530,O,FOOT,2023-09-02 19:30:00,False,True,NO,True,25737,,1,1688039451882.0,Indiana,True,Ohio State,False,-27.5,-110,27.5,-110,,,,,,,,2023-09-02 14:30:00-05:00,2023-09-02,02:30 PM,Ohio State,Indiana,09022023-Ohio State-Indiana
11972412,Massachusetts @ Auburn,GAMEEVENT,/football/college-football/massachusetts-auburn-202309021530,O,FOOT,2023-09-02 19:30:00,False,True,NO,True,25737,,1,1688039451880.0,Auburn,True,Massachusetts,False,39.5,-110,-39.5,-110,,,,,,,,2023-09-02 14:30:00-05:00,2023-09-02,02:30 PM,Massachusetts,Auburn,09022023-Massachusetts-Auburn
11974282,Buffalo @ Wisconsin ,GAMEEVENT,/football/college-football/buffalo-wisconsin-202309021530,O,FOOT,2023-09-02 19:30:00,False,True,NO,True,25737,,1,1688039451935.0,Wisconsin ,True,Buffalo,False,23.0,-110,-23.0,-110,,,,,,,,2023-09-02 14:30:00-05:00,2023-09-02,02:30 PM,Buffalo,Wisconsin ,09022023-Buffalo-Wisconsin 
11974287,Boise State @ Washington,GAMEEVENT,/football/college-football/boise-state-washington-202309021530,O,FOOT,2023-09-02 19:30:00,False,True,NO,True,25737,,1,1688062740186.0,Washington,True,Boise State,False,15.0,-110,-15.0,-110,,,,,,,,2023-09-02 14:30:00-05:00,2023-09-02,02:30 PM,Boise State,Washington,09022023-Boise State-Washington
11972408,California @ North Texas,GAMEEVENT,/football/college-football/california-north-texas-202309021600,O,FOOT,2023-09-02 20:00:00,False,True,NO,True,25737,,1,1688039451880.0,North Texas,True,California,False,-10.0,-110,10.0,-110,,,,,,,,2023-09-02 15:00:00-05:00,2023-09-02,03:00 PM,California,North Texas,09022023-California-North Texas
11967785,Nevada @ USC,GAMEEVENT,/football/college-football/nevada-usc-202309021830,O,FOOT,2023-09-02 22:30:00,False,True,NO,True,25737,,1,1688039451772.0,USC,True,Nevada,False,38.0,-110,-38.0,-110,,,,,,,,2023-09-02 17:30:00-05:00,2023-09-02,05:30 PM,Nevada,USC,09022023-Nevada-USC
11972406,Army @ UL Monroe,GAMEEVENT,/football/college-football/army-ul-monroe-202309021900,O,FOOT,2023-09-02 23:00:00,False,True,NO,True,25737,,1,1688039451880.0,UL Monroe,True,Army,False,-7.5,-110,7.5,-110,,,,,,,,2023-09-02 18:00:00-05:00,2023-09-02,06:00 PM,Army,UL Monroe,09022023-Army-UL Monroe
11972413,New Mexico @ Texas A&M ,GAMEEVENT,/football/college-football/new-mexico-texas-a-m-202309021900,O,FOOT,2023-09-02 23:00:00,False,True,NO,True,25737,,1,1688039451880.0,Texas A&M ,True,New Mexico,False,38.5,-110,-38.5,-110,,,,,,,,2023-09-02 18:00:00-05:00,2023-09-02,06:00 PM,New Mexico,Texas A&M ,09022023-New Mexico-Texas A&M 
11972392,Texas State @ Baylor,GAMEEVENT,/football/college-football/texas-state-baylor-202309021900,O,FOOT,2023-09-02 23:00:00,False,True,NO,True,25737,,1,1688159024833.0,Baylor,True,Texas State,False,26.0,-110,-26.0,-110,,,,,,,,2023-09-02 18:00:00-05:00,2023-09-02,06:00 PM,Texas State,Baylor,09022023-Texas State-Baylor
11974293,UTSA @ Houston,GAMEEVENT,/football/college-football/utsa-houston-202309021900,O,FOOT,2023-09-02 23:00:00,False,True,NO,True,25737,,1,1688039451931.0,Houston,True,UTSA,False,2.0,-110,-2.0,-110,,,,,,,,2023-09-02 18:00:00-05:00,2023-09-02,06:00 PM,UTSA,Houston,09022023-UTSA-Houston
11972416,Washington State @ Colorado State,GAMEEVENT,/football/college-football/washington-state-colorado-state-202309021900,O,FOOT,2023-09-02 23:00:00,False,True,NO,True,25737,,1,1688180903751.0,Colorado State,True,Washington State,False,-14.5,-110,14.5,-110,,,,,,,,2023-09-02 18:00:00-05:00,2023-09-02,06:00 PM,Washington State,Colorado State,09022023-Washington State-Colorado State
11571661,West Virginia @ Penn State,GAMEEVENT,/football/college-football/west-virginia-penn-state-202309021930,U,FOOT,2023-09-02 23:30:00,False,True,NO,True,25737,,1,1688241015477.0,Penn State,True,West Virginia,False,20.0,-110,-20.0,-110,,,,,,,,2023-09-02 18:30:00-05:00,2023-09-02,06:30 PM,West Virginia,Penn State,09022023-West Virginia-Penn State
11972418,Texas Tech @ Wyoming,GAMEEVENT,/football/college-football/texas-tech-wyoming-202309021930,O,FOOT,2023-09-02 23:30:00,False,True,NO,True,25737,,1,1688039451883.0,Wyoming,True,Texas Tech,False,-13.5,-110,13.5,-110,,,,,,,,2023-09-02 18:30:00-05:00,2023-09-02,06:30 PM,Texas Tech,Wyoming,09022023-Texas Tech-Wyoming
11972403,Toledo @ Illinois,GAMEEVENT,/football/college-football/toledo-illinois-202309021930,O,FOOT,2023-09-02 23:30:00,False,True,NO,True,25737,,1,1688039451880.0,Illinois,True,Toledo,False,10.5,-110,-10.5,-110,,,,,,,,2023-09-02 18:30:00-05:00,2023-09-02,06:30 PM,Toledo,Illinois,09022023-Toledo-Illinois
11972414,Middle Tennessee State @ Alabama,GAMEEVENT,/football/college-football/middle-tennessee-state-alabama-202309021930,O,FOOT,2023-09-02 23:30:00,False,True,NO,True,25737,,1,1688039451880.0,Alabama,True,Middle Tennessee State,False,38.0,-110,-38.0,-110,,,,,,,,2023-09-02 18:30:00-05:00,2023-09-02,06:30 PM,Middle Tennessee State,Alabama,09022023-Middle Tennessee State-Alabama
11980322,North Carolina @ South Carolina,GAMEEVENT,/football/college-football/north-carolina-south-carolina-202309021930,O,FOOT,2023-09-02 23:30:00,False,True,NO,True,25737,"At Bank of America Stadium - Charlotte, NC",1,1688039451697.0,South Carolina,True,North Carolina,False,-1.5,-110,1.5,-110,,,,,,,,2023-09-02 18:30:00-05:00,2023-09-02,06:30 PM,North Carolina,South Carolina,09022023-North Carolina-South Carolina
11972400,Old Dominion @ Virginia Tech ,GAMEEVENT,/football/college-football/old-dominion-virginia-tech-202309022000,O,FOOT,2023-09-03 00:00:00,False,True,NO,True,25737,,1,1688114843067.0,Virginia Tech ,True,Old Dominion,False,13.0,-110,-13.0,-110,,,,,,,,2023-09-02 19:00:00-05:00,2023-09-02,07:00 PM,Old Dominion,Virginia Tech ,09022023-Old Dominion-Virginia Tech 
11972404,South Alabama @ Tulane,GAMEEVENT,/football/college-football/south-alabama-tulane-202309022000,O,FOOT,2023-09-03 00:00:00,False,True,NO,True,25737,,1,1688039451880.0,Tulane,True,South Alabama,False,7.0,-105,-7.0,-115,,,,,,,,2023-09-02 19:00:00-05:00,2023-09-02,07:00 PM,South Alabama,Tulane,09022023-South Alabama-Tulane
11972409,Sam Houston State @ BYU,GAMEEVENT,/football/college-football/sam-houston-state-byu-202309022215,O,FOOT,2023-09-03 02:15:00,False,True,NO,True,25737,,1,1688039451880.0,BYU,True,Sam Houston State,False,23.5,-110,-23.5,-110,,,,,,,,2023-09-02 21:15:00-05:00,2023-09-02,09:15 PM,Sam Houston State,BYU,09022023-Sam Houston State-BYU
11972415,Coastal Carolina @ UCLA,GAMEEVENT,/football/college-football/coastal-carolina-ucla-202309022230,O,FOOT,2023-09-03 02:30:00,False,True,NO,True,25737,,1,1688039451880.0,UCLA,True,Coastal Carolina,False,16.0,-110,-16.0,-110,,,,,,,,2023-09-02 21:30:00-05:00,2023-09-02,09:30 PM,Coastal Carolina,UCLA,09022023-Coastal Carolina-UCLA
11967770,Northwestern @ Rutgers,GAMEEVENT,/football/college-football/northwestern-rutgers-202309031200,O,FOOT,2023-09-03 16:00:00,False,True,NO,True,25737,,1,1688039451772.0,Rutgers,True,Northwestern,False,5.0,-110,-5.0,-110,,,,,,,,2023-09-03 11:00:00-05:00,2023-09-03,11:00 AM,Northwestern,Rutgers,09032023-Northwestern-Rutgers
11972417,Oregon State @ San Jose State,GAMEEVENT,/football/college-football/oregon-state-san-jose-state-202309031530,O,FOOT,2023-09-03 19:30:00,False,True,NO,True,25737,,1,1688159024839.0,San Jose State,True,Oregon State,False,-17.0,-110,17.0,-110,,,,,,,,2023-09-03 14:30:00-05:00,2023-09-03,02:30 PM,Oregon State,San Jose State,09032023-Oregon State-San Jose State
11569524,LSU @ Florida State,GAMEEVENT,/football/college-football/lsu-florida-state-202309031930,U,FOOT,2023-09-03 23:30:00,False,True,NO,True,25737,"At Camping World Stadium - Orlando, FL",1,1688230842958.0,Florida State,True,LSU,False,-3.0,-110,3.0,-110,,,,,,,,2023-09-03 18:30:00-05:00,2023-09-03,06:30 PM,LSU,Florida State,09032023-LSU-Florida State
11571664,Clemson @ Duke,GAMEEVENT,/football/college-football/clemson-duke-202309042000,U,FOOT,2023-09-05 00:00:00,False,True,NO,True,25737,,1,1688039451716.0,Duke,True,Clemson,False,-12.0,-110,12.0,-110,,,,,,,,2023-09-04 19:00:00-05:00,2023-09-04,07:00 PM,Clemson,Duke,09042023-Clemson-Duke
11924586,Detroit Lions @ Kansas City Chiefs,GAMEEVENT,/football/nfl/detroit-lions-kansas-city-chiefs-202309072020,O,FOOT,2023-09-08 00:20:00,False,True,NO,True,241,Week 1,3,1688039062029.0,Kansas City Chiefs,True,Detroit Lions,False,7.0,-115,-7.0,-105,+230,-280,54.0,-110,54.0,-110,,2023-09-07 19:20:00-05:00,2023-09-07,07:20 PM,Detroit Lions,Kansas City Chiefs,09072023-Detroit Lions-Kansas City Chiefs
11569589,Texas @ Alabama,GAMEEVENT,/football/college-football/texas-alabama-202309091900,U,FOOT,2023-09-09 23:00:00,False,True,NO,True,25737,Game time TBD,1,1688039451681.0,Alabama,True,Texas,False,6.5,-115,-6.5,-105,,,,,,,,2023-09-09 18:00:00-05:00,2023-09-09,06:00 PM,Texas,Alabama,09092023-Texas-Alabama
11927519,Tampa Bay Buccaneers @ Minnesota Vikings,GAMEEVENT,/football/nfl/tampa-bay-buccaneers-minnesota-vikings-202309101300,O,FOOT,2023-09-10 17:00:00,False,True,NO,True,241,Week 1,3,1688039062102.0,Minnesota Vikings,True,Tampa Bay Buccaneers,False,6.5,-110,-6.5,-110,+230,-280,45.5,-110,45.5,-110,,2023-09-10 12:00:00-05:00,2023-09-10,12:00 PM,Tampa Bay Buccaneers,Minnesota Vikings,09102023-Tampa Bay Buccaneers-Minnesota Vikings
11927546,Carolina Panthers @ Atlanta Falcons,GAMEEVENT,/football/nfl/carolina-panthers-atlanta-falcons-202309101300,O,FOOT,2023-09-10 17:00:00,False,True,NO,True,241,Week 1,3,1688168578772.0,Atlanta Falcons,True,Carolina Panthers,False,3.0,-110,-3.0,-110,+130,-150,43.0,-110,43.0,-110,,2023-09-10 12:00:00-05:00,2023-09-10,12:00 PM,Carolina Panthers,Atlanta Falcons,09102023-Carolina Panthers-Atlanta Falcons
11927545,San Francisco 49ers @ Pittsburgh Steelers,GAMEEVENT,/football/nfl/san-francisco-49ers-pittsburgh-steelers-202309101300,O,FOOT,2023-09-10 17:00:00,False,True,NO,True,241,Week 1,3,1688102364403.0,Pittsburgh Steelers,True,San Francisco 49ers,False,-2.5,-110,2.5,-110,-150,+130,41.5,-110,41.5,-110,,2023-09-10 12:00:00-05:00,2023-09-10,12:00 PM,San Francisco 49ers,Pittsburgh Steelers,09102023-San Francisco 49ers-Pittsburgh Steelers
11927603,Tennessee Titans @ New Orleans Saints,GAMEEVENT,/football/nfl/tennessee-titans-new-orleans-saints-202309101300,U,FOOT,2023-09-10 17:00:00,False,True,NO,True,241,Week 1,3,1688039061758.0,New Orleans Saints,True,Tennessee Titans,False,3.5,-110,-3.5,-110,+155,-180,41.5,-110,41.5,-110,,2023-09-10 12:00:00-05:00,2023-09-10,12:00 PM,Tennessee Titans,New Orleans Saints,09102023-Tennessee Titans-New Orleans Saints
11927565,Las Vegas Raiders @ Denver Broncos,GAMEEVENT,/football/nfl/las-vegas-raiders-denver-broncos-202309101300,O,FOOT,2023-09-10 17:00:00,False,True,NO,True,241,Week 1,3,1688115426204.0,Denver Broncos,True,Las Vegas Raiders,False,3.5,-110,-3.5,-110,+160,-185,45.0,-110,45.0,-110,,2023-09-10 12:00:00-05:00,2023-09-10,12:00 PM,Las Vegas Raiders,Denver Broncos,09102023-Las Vegas Raiders-Denver Broncos
11927610,Arizona Cardinals @ Washington Commanders,GAMEEVENT,/football/nfl/arizona-cardinals-washington-commanders-202309101300,O,FOOT,2023-09-10 17:00:00,False,True,NO,True,241,Week 1,3,1688039061758.0,Washington Commanders,True,Arizona Cardinals,False,6.0,-110,-6.0,-110,+210,-250,40.0,-110,40.0,-110,,2023-09-10 12:00:00-05:00,2023-09-10,12:00 PM,Arizona Cardinals,Washington Commanders,09102023-Arizona Cardinals-Washington Commanders
11927550,Houston Texans @ Baltimore Ravens,GAMEEVENT,/football/nfl/houston-texans-baltimore-ravens-202309101300,O,FOOT,2023-09-10 17:00:00,False,True,NO,True,241,Week 1,3,1688039062100.0,Baltimore Ravens,True,Houston Texans,False,9.5,-110,-9.5,-110,+330,-440,44.5,-110,44.5,-110,,2023-09-10 12:00:00-05:00,2023-09-10,12:00 PM,Houston Texans,Baltimore Ravens,09102023-Houston Texans-Baltimore Ravens
11927516,Cincinnati Bengals @ Cleveland Browns,GAMEEVENT,/football/nfl/cincinnati-bengals-cleveland-browns-202309101300,O,FOOT,2023-09-10 17:00:00,False,True,NO,True,241,Week 1,3,1688065050731.0,Cleveland Browns,True,Cincinnati Bengals,False,-2.5,-110,2.5,-110,-140,+120,47.0,-110,47.0,-110,,2023-09-10 12:00:00-05:00,2023-09-10,12:00 PM,Cincinnati Bengals,Cleveland Browns,09102023-Cincinnati Bengals-Cleveland Browns
11927549,Jacksonville Jaguars @ Indianapolis Colts,GAMEEVENT,/football/nfl/jacksonville-jaguars-indianapolis-colts-202309101300,O,FOOT,2023-09-10 17:00:00,False,True,NO,True,241,Week 1,3,1688188429696.0,Indianapolis Colts,True,Jacksonville Jaguars,False,-4.0,-105,4.0,-115,-170,+145,43.5,-110,43.5,-110,,2023-09-10 12:00:00-05:00,2023-09-10,12:00 PM,Jacksonville Jaguars,Indianapolis Colts,09102023-Jacksonville Jaguars-Indianapolis Colts
11927570,Los Angeles Rams @ Seattle Seahawks,GAMEEVENT,/football/nfl/los-angeles-rams-seattle-seahawks-202309101625,O,FOOT,2023-09-10 20:25:00,False,True,NO,True,241,Week 1,3,1688168578786.0,Seattle Seahawks,True,Los Angeles Rams,False,6.0,-115,-6.0,-105,+210,-250,46.5,-110,46.5,-110,,2023-09-10 15:25:00-05:00,2023-09-10,03:25 PM,Los Angeles Rams,Seattle Seahawks,09102023-Los Angeles Rams-Seattle Seahawks
11926421,Philadelphia Eagles @ New England Patriots,GAMEEVENT,/football/nfl/philadelphia-eagles-new-england-patriots-202309101625,O,FOOT,2023-09-10 20:25:00,False,True,NO,True,241,Week 1,3,1688039062074.0,New England Patriots,True,Philadelphia Eagles,False,-5.0,-110,5.0,-110,-220,+180,46.0,-110,46.0,-110,,2023-09-10 15:25:00-05:00,2023-09-10,03:25 PM,Philadelphia Eagles,New England Patriots,09102023-Philadelphia Eagles-New England Patriots
11926943,Green Bay Packers @ Chicago Bears,GAMEEVENT,/football/nfl/green-bay-packers-chicago-bears-202309101625,O,FOOT,2023-09-10 20:25:00,False,True,NO,True,241,Week 1,3,1688115430758.0,Chicago Bears,True,Green Bay Packers,False,2.5,-105,-2.5,-115,+125,-145,44.5,-110,44.5,-110,,2023-09-10 15:25:00-05:00,2023-09-10,03:25 PM,Green Bay Packers,Chicago Bears,09102023-Green Bay Packers-Chicago Bears
11927383,Miami Dolphins @ Los Angeles Chargers,GAMEEVENT,/football/nfl/miami-dolphins-los-angeles-chargers-202309101625,O,FOOT,2023-09-10 20:25:00,False,True,NO,True,241,Week 1,3,1688039062106.0,Los Angeles Chargers,True,Miami Dolphins,False,2.5,-110,-2.5,-110,+120,-140,50.0,-110,50.0,-110,,2023-09-10 15:25:00-05:00,2023-09-10,03:25 PM,Miami Dolphins,Los Angeles Chargers,09102023-Miami Dolphins-Los Angeles Chargers
11927015,Dallas Cowboys @ New York Giants,GAMEEVENT,/football/nfl/dallas-cowboys-new-york-giants-202309102020,O,FOOT,2023-09-11 00:20:00,False,True,NO,True,241,Week 1,3,1688163645292.0,New York Giants,True,Dallas Cowboys,False,-3.0,-120,3.0,EVEN,-160,+135,47.0,-110,47.0,-110,,2023-09-10 19:20:00-05:00,2023-09-10,07:20 PM,Dallas Cowboys,New York Giants,09102023-Dallas Cowboys-New York Giants
11925014,Buffalo Bills @ New York Jets,GAMEEVENT,/football/nfl/buffalo-bills-new-york-jets-202309112015,O,FOOT,2023-09-12 00:15:00,False,True,NO,True,241,Week 1,3,1688115578515.0,New York Jets,True,Buffalo Bills,False,-1.5,-110,1.5,-110,-125,+105,47.0,-105,47.0,-115,,2023-09-11 19:15:00-05:00,2023-09-11,07:15 PM,Buffalo Bills,New York Jets,09112023-Buffalo Bills-New York Jets
11569623,Washington @ Michigan State,GAMEEVENT,/football/college-football/washington-michigan-state-202309161300,U,FOOT,2023-09-16 17:00:00,False,True,NO,True,25737,Game time TBD,1,1688039451683.0,Michigan State,True,Washington,False,-11.5,-110,11.5,-110,,,,,,,,2023-09-16 12:00:00-05:00,2023-09-16,12:00 PM,Washington,Michigan State,09162023-Washington-Michigan State
11569615,Tennessee @ Florida ,GAMEEVENT,/football/college-football/tennessee-florida-202309161300,U,FOOT,2023-09-16 17:00:00,False,True,NO,True,25737,Game time TBD,1,1688039451683.0,Florida ,True,Tennessee,False,-7.5,-110,7.5,-110,,,,,,,,2023-09-16 12:00:00-05:00,2023-09-16,12:00 PM,Tennessee,Florida ,09162023-Tennessee-Florida 
11824930,LSU @ Mississippi State,GAMEEVENT,/football/college-football/lsu-mississippi-state-202309161300,U,FOOT,2023-09-16 17:00:00,False,True,NO,True,25737,Game time TBD,1,1688039451881.0,Mississippi State,True,LSU,False,-9.0,-110,9.0,-110,,,,,,,,2023-09-16 12:00:00-05:00,2023-09-16,12:00 PM,LSU,Mississippi State,09162023-LSU-Mississippi State
11824931,South Carolina @ Georgia,GAMEEVENT,/football/college-football/south-carolina-georgia-202309161300,U,FOOT,2023-09-16 17:00:00,False,True,NO,True,25737,Game time TBD,1,1688192943418.0,Georgia,True,South Carolina,False,24.0,-110,-24.0,-110,,,,,,,,2023-09-16 12:00:00-05:00,2023-09-16,12:00 PM,South Carolina,Georgia,09162023-South Carolina-Georgia
11950622,Arkansas @ LSU,GAMEEVENT,/football/college-football/arkansas-lsu-202309231300,O,FOOT,2023-09-23 17:00:00,False,True,NO,True,25737,Game time TBD,1,1688039451762.0,LSU,True,Arkansas,False,12.5,-110,-12.5,-110,,,,,,,,2023-09-23 12:00:00-05:00,2023-09-23,12:00 PM,Arkansas,LSU,09232023-Arkansas-LSU
11569632,Florida State @ Clemson,GAMEEVENT,/football/college-football/florida-state-clemson-202309231300,U,FOOT,2023-09-23 17:00:00,False,True,NO,True,25737,Game time TBD,1,1688039451683.0,Clemson,True,Florida State,False,2.5,-110,-2.5,-110,,,,,,,,2023-09-23 12:00:00-05:00,2023-09-23,12:00 PM,Florida State,Clemson,09232023-Florida State-Clemson
11950592,Mississippi @ Alabama,GAMEEVENT,/football/college-football/mississippi-alabama-202309231300,O,FOOT,2023-09-23 17:00:00,False,True,NO,True,25737,Game time TBD,1,1688039451762.0,Alabama,True,Mississippi,False,15.5,-110,-15.5,-110,,,,,,,,2023-09-23 12:00:00-05:00,2023-09-23,12:00 PM,Ole Miss,Alabama,09232023-Ole Miss-Alabama
11569628,Ohio State @ Notre Dame,GAMEEVENT,/football/college-football/ohio-state-notre-dame-202309231300,U,FOOT,2023-09-23 17:00:00,False,True,NO,True,25737,Game time TBD,1,1688081638493.0,Notre Dame,True,Ohio State,False,-8.0,-110,8.0,-110,,,,,,,,2023-09-23 12:00:00-05:00,2023-09-23,12:00 PM,Ohio State,Notre Dame,09232023-Ohio State-Notre Dame
11950575,Texas @ Baylor,GAMEEVENT,/football/college-football/texas-baylor-202309231300,O,FOOT,2023-09-23 17:00:00,False,True,NO,True,25737,Game time TBD,1,1688039451759.0,Baylor,True,Texas,False,-8.0,-110,8.0,-110,,,,,,,,2023-09-23 12:00:00-05:00,2023-09-23,12:00 PM,Texas,Baylor,09232023-Texas-Baylor
11950632,UCLA @ Utah,GAMEEVENT,/football/college-football/ucla-utah-202309231300,O,FOOT,2023-09-23 17:00:00,False,True,NO,True,25737,Game time TBD,1,1688039451762.0,Utah,True,UCLA,False,8.0,-110,-8.0,-110,,,,,,,,2023-09-23 12:00:00-05:00,2023-09-23,12:00 PM,UCLA,Utah,09232023-UCLA-Utah
11571693,Kansas @ Texas,GAMEEVENT,/football/college-football/kansas-texas-202309301300,U,FOOT,2023-09-30 17:00:00,False,True,NO,True,25737,Game time TBD,1,1688039451716.0,Texas,True,Kansas,False,19.5,-110,-19.5,-110,,,,,,,,2023-09-30 12:00:00-05:00,2023-09-30,12:00 PM,Kansas,Texas,09302023-Kansas-Texas
11950658,Georgia @ Auburn,GAMEEVENT,/football/college-football/georgia-auburn-202309301300,O,FOOT,2023-09-30 17:00:00,False,True,NO,True,25737,Game time TBD,1,1688039451762.0,Auburn,True,Georgia,False,-17.5,-110,17.5,-110,,,,,,,,2023-09-30 12:00:00-05:00,2023-09-30,12:00 PM,Georgia,Auburn,09302023-Georgia-Auburn
11950667,South Carolina @ Tennessee,GAMEEVENT,/football/college-football/south-carolina-tennessee-202309301300,O,FOOT,2023-09-30 17:00:00,False,True,NO,True,25737,Game time TBD,1,1688248051149.0,Tennessee,True,South Carolina,False,13.0,-110,-13.0,-110,,,,,,,,2023-09-30 12:00:00-05:00,2023-09-30,12:00 PM,South Carolina,Tennessee,09302023-South Carolina-Tennessee
11950673,LSU @ Mississippi,GAMEEVENT,/football/college-football/lsu-mississippi-202309301300,O,FOOT,2023-09-30 17:00:00,False,True,NO,True,25737,Game time TBD,1,1688039451762.0,Mississippi,True,LSU,False,-5.0,-110,5.0,-110,,,,,,,,2023-09-30 12:00:00-05:00,2023-09-30,12:00 PM,LSU,Ole Miss,09302023-LSU-Ole Miss
11919371,Atlanta Falcons @ Jacksonville Jaguars,GAMEEVENT,/football/nfl/atlanta-falcons-jacksonville-jaguars-202310010930,O,FOOT,2023-10-01 13:30:00,False,True,NO,True,241,"Week 4 - At Wembley Stadium - London, UK",3,1688039061882.0,Jacksonville Jaguars,True,Atlanta Falcons,False,4.0,-110,-4.0,-110,+155,-180,45.0,-110,45.0,-110,,2023-10-01 08:30:00-05:00,2023-10-01,08:30 AM,Atlanta Falcons,Jacksonville Jaguars,10012023-Atlanta Falcons-Jacksonville Jaguars
11920273,Jacksonville Jaguars @ Buffalo Bills,GAMEEVENT,/football/nfl/jacksonville-jaguars-buffalo-bills-202310080930,O,FOOT,2023-10-08 13:30:00,False,True,NO,True,241,"Week 5 - At Tottenham Hotspur Stadium - London, UK",3,1688246078572.0,Buffalo Bills,True,Jacksonville Jaguars,False,3.0,-110,-3.0,-110,+135,-160,48.0,-110,48.0,-110,,2023-10-08 08:30:00-05:00,2023-10-08,08:30 AM,Jacksonville Jaguars,Buffalo Bills,10082023-Jacksonville Jaguars-Buffalo Bills
11959234,Arkansas @ Alabama,GAMEEVENT,/football/college-football/arkansas-alabama-202310141300,O,FOOT,2023-10-14 17:00:00,False,True,NO,True,25737,Game time TBD,1,1688039451966.0,Alabama,True,Arkansas,False,18.5,-110,-18.5,-110,,,,,,,,2023-10-14 12:00:00-05:00,2023-10-14,12:00 PM,Arkansas,Alabama,10142023-Arkansas-Alabama
11959173,Auburn @ LSU,GAMEEVENT,/football/college-football/auburn-lsu-202310141300,O,FOOT,2023-10-14 17:00:00,False,True,NO,True,25737,Game time TBD,1,1688039451965.0,LSU,True,Auburn,False,17.0,-110,-17.0,-110,,,,,,,,2023-10-14 12:00:00-05:00,2023-10-14,12:00 PM,Auburn,LSU,10142023-Auburn-LSU
11959349,Oregon @ Washington,GAMEEVENT,/football/college-football/oregon-washington-202310141300,O,FOOT,2023-10-14 17:00:00,False,True,NO,True,25737,Game time TBD,1,1688039451970.0,Washington,True,Oregon,False,1.5,-110,-1.5,-110,,,,,,,,2023-10-14 12:00:00-05:00,2023-10-14,12:00 PM,Oregon,Washington,10142023-Oregon-Washington
11569640,USC @ Notre Dame,GAMEEVENT,/football/college-football/usc-notre-dame-202310141300,U,FOOT,2023-10-14 17:00:00,False,True,NO,True,25737,Game time TBD,1,1688039451683.0,Notre Dame,True,USC,False,1.0,-110,-1.0,-110,,,,,,,,2023-10-14 12:00:00-05:00,2023-10-14,12:00 PM,USC,Notre Dame,10142023-USC-Notre Dame
11920315,Baltimore Ravens @ Tennessee Titans,GAMEEVENT,/football/nfl/baltimore-ravens-tennessee-titans-202310150930,O,FOOT,2023-10-15 13:30:00,False,True,NO,True,241,"Week 6 - At Tottenham Hotspur Stadium - London, UK",3,1688039061896.0,Tennessee Titans,True,Baltimore Ravens,False,-5.5,-110,5.5,-110,-220,+180,41.5,-110,41.5,-110,,2023-10-15 08:30:00-05:00,2023-10-15,08:30 AM,Baltimore Ravens,Tennessee Titans,10152023-Baltimore Ravens-Tennessee Titans
11959554,Clemson @ Miami Florida ,GAMEEVENT,/football/college-football/clemson-miami-florida-202310211300,O,FOOT,2023-10-21 17:00:00,False,True,NO,True,25737,Game Time TBD,1,1688039451979.0,Miami Florida ,True,Clemson,False,-10.0,-110,10.0,-110,,,,,,,,2023-10-21 12:00:00-05:00,2023-10-21,12:00 PM,Clemson,Miami Florida ,10212023-Clemson-Miami Florida 
11569643,Penn State @ Ohio State,GAMEEVENT,/football/college-football/penn-state-ohio-state-202310211300,U,FOOT,2023-10-21 17:00:00,False,True,NO,True,25737,Game time TBD,1,1688039451683.0,Ohio State,True,Penn State,False,9.5,-110,-9.5,-110,,,,,,,,2023-10-21 12:00:00-05:00,2023-10-21,12:00 PM,Penn State,Ohio State,10212023-Penn State-Ohio State
11571763,Tennessee @ Alabama,GAMEEVENT,/football/college-football/tennessee-alabama-202310211300,U,FOOT,2023-10-21 17:00:00,False,True,NO,True,25737,Game time TBD,1,1688039451719.0,Alabama,True,Tennessee,False,9.5,-110,-9.5,-110,,,,,,,,2023-10-21 12:00:00-05:00,2023-10-21,12:00 PM,Tennessee,Alabama,10212023-Tennessee-Alabama
11959534,Utah @ USC,GAMEEVENT,/football/college-football/utah-usc-202310211300,O,FOOT,2023-10-21 17:00:00,False,True,NO,True,25737,Game time TBD,1,1688039451969.0,USC,True,Utah,False,7.0,-110,-7.0,-110,,,,,,,,2023-10-21 12:00:00-05:00,2023-10-21,12:00 PM,Utah,USC,10212023-Utah-USC
11959421,TCU @ Kansas State,GAMEEVENT,/football/college-football/tcu-kansas-state-202310211300,O,FOOT,2023-10-21 17:00:00,False,True,NO,True,25737,Game time TBD,1,1688039451971.0,Kansas State,True,TCU,False,5.0,-110,-5.0,-110,,,,,,,,2023-10-21 12:00:00-05:00,2023-10-21,12:00 PM,TCU,Kansas State,10212023-TCU-Kansas State
11569646,Michigan @ Michigan State,GAMEEVENT,/football/college-football/michigan-michigan-state-202310211930,U,FOOT,2023-10-21 23:30:00,False,True,NO,True,25737,Game Time TBD,1,1688039451683.0,Michigan State,True,Michigan,False,-17.0,-110,17.0,-110,,,,,,,,2023-10-21 18:30:00-05:00,2023-10-21,06:30 PM,Michigan,Michigan State,10212023-Michigan-Michigan State
11569717,Georgia @ Florida ,GAMEEVENT,/football/college-football/georgia-florida-202310281300,U,FOOT,2023-10-28 17:00:00,False,True,NO,True,25737,Game Time TBD,1,1688039451689.0,Florida ,True,Georgia,False,-21.5,-110,21.5,-110,,,,,,,,2023-10-28 12:00:00-05:00,2023-10-28,12:00 PM,Georgia,Florida ,10282023-Georgia-Florida 
11959729,Ohio State @ Wisconsin ,GAMEEVENT,/football/college-football/ohio-state-wisconsin-202310281300,O,FOOT,2023-10-28 17:00:00,False,True,NO,True,25737,Game Time TBD,1,1688039451975.0,Wisconsin ,True,Ohio State,False,-10.0,-110,10.0,-110,,,,,,,,2023-10-28 12:00:00-05:00,2023-10-28,12:00 PM,Ohio State,Wisconsin ,10282023-Ohio State-Wisconsin 
11959708,Clemson @ North Carolina Central,GAMEEVENT,/football/college-football/clemson-north-carolina-central-202310281300,O,FOOT,2023-10-28 17:00:00,False,True,NO,True,25737,Game Time TBD,1,1688192943425.0,NC Central,True,Clemson,False,-10.5,-110,10.5,-110,,,,,,,,2023-10-28 12:00:00-05:00,2023-10-28,12:00 PM,Clemson,NC Central,10282023-Clemson-NC Central
11959718,Oregon @ Utah,GAMEEVENT,/football/college-football/oregon-utah-202310281300,O,FOOT,2023-10-28 17:00:00,False,True,NO,True,25737,Game Time TBD,1,1688039451976.0,Utah,True,Oregon,False,1.5,-110,-1.5,-110,,,,,,,,2023-10-28 12:00:00-05:00,2023-10-28,12:00 PM,Oregon,Utah,10282023-Oregon-Utah
11959724,Oklahoma  @ Kansas,GAMEEVENT,/football/college-football/oklahoma-kansas-202310281300,O,FOOT,2023-10-28 17:00:00,False,True,NO,True,25737,Game Time TBD,1,1688039451976.0,Kansas,True,Oklahoma ,False,-6.5,-110,6.5,-110,,,,,,,,2023-10-28 12:00:00-05:00,2023-10-28,12:00 PM,Oklahoma ,Kansas,10282023-Oklahoma -Kansas
11950699,Notre Dame @ Clemson,GAMEEVENT,/football/college-football/notre-dame-clemson-202311041300,U,FOOT,2023-11-04 17:00:00,False,True,NO,True,25737,Game time TBD,1,1688039451762.0,Clemson,True,Notre Dame,False,4.5,-110,-4.5,-110,,,,,,,,2023-11-04 12:00:00-05:00,2023-11-04,12:00 PM,Notre Dame,Clemson,11042023-Notre Dame-Clemson
11920322,Miami Dolphins @ Kansas City Chiefs,GAMEEVENT,/football/nfl/miami-dolphins-kansas-city-chiefs-202311050930,O,FOOT,2023-11-05 14:30:00,False,True,NO,True,241,"Week 9 - At Frankfurt Stadium - Frankfurt, Germany",3,1688039061905.0,Kansas City Chiefs,True,Miami Dolphins,False,5.5,-110,-5.5,-110,+180,-220,52.0,-110,52.0,-110,,2023-11-05 08:30:00-06:00,2023-11-05,08:30 AM,Miami Dolphins,Kansas City Chiefs,11052023-Miami Dolphins-Kansas City Chiefs
11950733,Michigan State @ Ohio State,GAMEEVENT,/football/college-football/michigan-state-ohio-state-202311111930,O,FOOT,2023-11-12 00:30:00,False,True,NO,True,25737,Game time TBD,1,1688039451761.0,Ohio State,True,Michigan State,False,24.0,-110,-24.0,-110,,,,,,,,2023-11-11 18:30:00-06:00,2023-11-11,06:30 PM,Michigan State,Ohio State,11112023-Michigan State-Ohio State
11920333,Indianapolis Colts @ New England Patriots,GAMEEVENT,/football/nfl/indianapolis-colts-new-england-patriots-202311120930,O,FOOT,2023-11-12 14:30:00,False,True,NO,True,241,"Week 10 - Frankfurt Stadium - Frankfurt, Germany",3,1688039061905.0,New England Patriots,True,Indianapolis Colts,False,5.0,-110,-5.0,-110,+165,-195,41.0,-110,41.0,-110,,2023-11-12 08:30:00-06:00,2023-11-12,08:30 AM,Indianapolis Colts,New England Patriots,11122023-Indianapolis Colts-New England Patriots
11920638,Miami Dolphins @ New York Jets,GAMEEVENT,/football/nfl/miami-dolphins-new-york-jets-202311241500,O,FOOT,2023-11-24 20:00:00,False,True,NO,True,241,"Week 12 - At MetLife Stadium - East Rutherford, New Jersey",2,1688039061908.0,New York Jets,True,Miami Dolphins,False,2.5,-105,-2.5,-115,+115,-135,,,,,,2023-11-24 14:00:00-06:00,2023-11-24,02:00 PM,Miami Dolphins,New York Jets,11242023-Miami Dolphins-New York Jets
11925616,San Francisco 49ers @ Philadelphia Eagles,GAMEEVENT,/football/nfl/san-francisco-49ers-philadelphia-eagles-202312031625,O,FOOT,2023-12-03 21:25:00,False,True,NO,True,241,Week 13 - Lincoln Financial Field - Philadelphia,2,1688039062056.0,Philadelphia Eagles,True,San Francisco 49ers,False,2.5,-110,-2.5,-110,+115,-135,,,,,,2023-12-03 15:25:00-06:00,2023-12-03,03:25 PM,San Francisco 49ers,Philadelphia Eagles,12032023-San Francisco 49ers-Philadelphia Eagles
11925477,Las Vegas Raiders @ Kansas City Chiefs,GAMEEVENT,/football/nfl/las-vegas-raiders-kansas-city-chiefs-202312251300,O,FOOT,2023-12-25 18:00:00,False,True,NO,True,241,"Week 16 - At Arrowhead Stadium - Kansas City, Mo",2,1688039062051.0,Kansas City Chiefs,True,Las Vegas Raiders,False,9.0,-110,-9.0,-110,+335,-450,,,,,,2023-12-25 12:00:00-06:00,2023-12-25,12:00 PM,Las Vegas Raiders,Kansas City Chiefs,12252023-Las Vegas Raiders-Kansas City Chiefs
11920656,New York Giants @ Philadelphia Eagles,GAMEEVENT,/football/nfl/new-york-giants-philadelphia-eagles-202312251630,O,FOOT,2023-12-25 21:30:00,False,True,NO,True,241,Week 16 - At Lincoln Financial Field - Philadelphia,2,1688039061918.0,Philadelphia Eagles,True,New York Giants,False,7.5,-105,-7.5,-115,+275,-350,,,,,,2023-12-25 15:30:00-06:00,2023-12-25,03:30 PM,New York Giants,Philadelphia Eagles,12252023-New York Giants-Philadelphia Eagles
11920710,Cincinnati Bengals @ Kansas City Chiefs,GAMEEVENT,/football/nfl/cincinnati-bengals-kansas-city-chiefs-202312311625,O,FOOT,2023-12-31 21:25:00,False,True,NO,True,241,"Week 17 - At Arrowhead Stadium Kansas City, Missouri",2,1688039061921.0,Kansas City Chiefs,True,Cincinnati Bengals,False,3.0,-115,-3.0,-105,+130,-150,,,,,,2023-12-31 15:25:00-06:00,2023-12-31,03:25 PM,Cincinnati Bengals,Kansas City Chiefs,12312023-Cincinnati Bengals-Kansas City Chiefs
11556241,NFC Conference @ AFC Conference,GAMEEVENT,/football/nfl/nfc-conference-afc-conference-202402111830,O,FOOT,2024-02-11 23:30:00,False,True,NO,True,241,Super Bowl LVIII - Winning Conference,1,1688039061837.0,AFC Conference,True,NFC Conference,False,,,,,+110,-135,,,,,,2024-02-11 17:30:00-06:00,2024-02-11,05:30 PM,NFC Conference,AFC Conference,02112024-NFC Conference-AFC Conference
