gameID,sport,game_time,team1,team1_pred,team2,team2_pred,lastMod_ESPNpred,lastMod_ESPNsch,A_espn_current_streak,A_espn_home_streak,A_espn_away_streak,A_espn_avg_pt_for,A_espn_avg_pt_ag,H_espn_current_streak,H_espn_home_streak,H_espn_away_streak,H_espn_avg_pt_for,H_espn_avg_pt_ag,away_team_clean,home_team_clean,DC_Game_ID
401547407,nfl,2023-09-10 11:25:00-05:00,Green Bay Packers,47.20%,Chicago Bears,52.40%,6/29/2023 1:01,6/29/2023 1:03,,,,,,,,,,,Green Bay Packers,Chicago Bears,09102023-Green Bay Packers-Chicago Bears
401547401,nfl,2023-09-10 11:25:00-05:00,Miami Dolphins,44.10%,Los Angeles Chargers,55.60%,6/29/2023 1:01,6/29/2023 1:03,,,,,,,,,,,Miami Dolphins,Los Angeles Chargers,09102023-Miami Dolphins-Los Angeles Chargers
401547400,nfl,2023-09-10 11:25:00-05:00,Las Vegas Raiders,44.70%,Denver Broncos,55.00%,6/29/2023 1:01,6/29/2023 1:03,,,,,,,,,,,Las Vegas Raiders,Denver Broncos,09102023-Las Vegas Raiders-Denver Broncos
401547409,nfl,2023-09-10 15:20:00-05:00,Dallas Cowboys,53.00%,New York Giants,46.60%,6/29/2023 1:01,6/29/2023 1:03,,,,,,,,,,,Dallas Cowboys,New York Giants,09102023-Dallas Cowboys-New York Giants
401547353,nfl,2023-09-07 15:20:00-05:00,Detroit Lions,33.50%,Kansas City Chiefs,66.20%,6/29/2023 1:01,6/29/2023 1:03,,,,,,,,,,,Detroit Lions,Kansas City Chiefs,09072023-Detroit Lions-Kansas City Chiefs
401547404,nfl,2023-09-10 08:00:00-05:00,Jacksonville Jaguars,65.20%,Indianapolis Colts,34.60%,6/29/2023 1:01,6/29/2023 1:03,,,,,,,,,,,Jacksonville Jaguars,Indianapolis Colts,09102023-Jacksonville Jaguars-Indianapolis Colts
401547397,nfl,2023-09-10 08:00:00-05:00,Cincinnati Bengals,61.20%,Cleveland Browns,38.50%,6/29/2023 1:01,6/29/2023 1:03,,,,,,,,,,,Cincinnati Bengals,Cleveland Browns,09102023-Cincinnati Bengals-Cleveland Browns
401547405,nfl,2023-09-10 08:00:00-05:00,San Francisco 49ers,56.90%,Pittsburgh Steelers,42.80%,6/29/2023 1:01,6/29/2023 1:03,,,,,,,,,,,San Francisco 49ers,Pittsburgh Steelers,09102023-San Francisco 49ers-Pittsburgh Steelers
401547406,nfl,2023-09-10 08:00:00-05:00,Arizona Cardinals,35.60%,Washington Commanders,64.10%,6/29/2023 1:01,6/29/2023 1:03,,,,,,,,,,,Arizona Cardinals,Washington Commanders,09102023-Arizona Cardinals-Washington Commanders
401547399,nfl,2023-09-10 08:00:00-05:00,Tennessee Titans,43.40%,New Orleans Saints,56.30%,6/29/2023 1:01,6/29/2023 1:03,,,,,,,,,,,Tennessee Titans,New Orleans Saints,09102023-Tennessee Titans-New Orleans Saints
401547408,nfl,2023-09-10 11:25:00-05:00,Los Angeles Rams,40.50%,Seattle Seahawks,59.20%,6/29/2023 1:01,6/29/2023 1:03,,,,,,,,,,,Los Angeles Rams,Seattle Seahawks,09102023-Los Angeles Rams-Seattle Seahawks
401547402,nfl,2023-09-10 11:25:00-05:00,Philadelphia Eagles,61.70%,New England Patriots,38.00%,6/29/2023 1:01,6/29/2023 1:03,,,,,,,,,,,Philadelphia Eagles,New England Patriots,09102023-Philadelphia Eagles-New England Patriots
401547352,nfl,2023-09-11 15:15:00-05:00,Buffalo Bills,55.70%,New York Jets,43.90%,6/29/2023 1:01,6/29/2023 1:03,,,,,,,,,,,Buffalo Bills,New York Jets,09112023-Buffalo Bills-New York Jets
401547403,nfl,2023-09-10 08:00:00-05:00,Carolina Panthers,47.20%,Atlanta Falcons,52.40%,6/29/2023 1:01,6/29/2023 1:03,,,,,,,,,,,Carolina Panthers,Atlanta Falcons,09102023-Carolina Panthers-Atlanta Falcons
401547396,nfl,2023-09-10 08:00:00-05:00,Houston Texans,25.30%,Baltimore Ravens,74.50%,6/29/2023 1:01,6/29/2023 1:03,,,,,,,,,,,Houston Texans,Baltimore Ravens,09102023-Houston Texans-Baltimore Ravens
401547398,nfl,2023-09-10 08:00:00-05:00,Tampa Bay Buccaneers,30.30%,Minnesota Vikings,69.50%,6/29/2023 1:01,6/29/2023 1:03,,,,,,,,,,,Tampa Bay Buccaneers,Minnesota Vikings,09102023-Tampa Bay Buccaneers-Minnesota Vikings
401507230,wnba,2023-07-05 17:00:00-05:00,Atlanta Dream,50.8%,Los Angeles Sparks,49.2%,07/01/2023 08:19:17 PM,07/01/2023 08:21:50 PM,L2,L1,L3,83.3125,89.4375,W1,W2,W1,79.23529411764706,78.6470588235294,Atlanta Dream,Los Angeles Sparks,07052023-Atlanta Dream-Los Angeles Sparks
401507223,wnba,2023-07-02 10:00:00-05:00,Los Angeles Sparks,33.0%,Atlanta Dream,67.0%,07/01/2023 08:19:15 PM,07/01/2023 08:21:45 PM,W1,W2,W1,79.23529411764706,78.6470588235294,L2,L1,L3,83.3125,89.4375,Los Angeles Sparks,Atlanta Dream,07022023-Los Angeles Sparks-Atlanta Dream
401507226,wnba,2023-07-02 13:00:00-05:00,New York Liberty,75.7%,Seattle Storm,24.3%,07/01/2023 08:19:14 PM,07/01/2023 08:21:41 PM,L3,W2,L3,84.9375,80.3125,L3,L2,L1,79.6875,85.75,New York Liberty,Seattle Storm,07022023-New York Liberty-Seattle Storm
401507225,wnba,2023-07-02 10:00:00-05:00,Washington Mystics,59.7%,Dallas Wings,40.3%,07/01/2023 08:19:16 PM,07/01/2023 08:21:48 PM,W1,W4,L3,79.82352941176471,75.70588235294117,L1,W2,L1,83.41176470588235,83.3529411764706,Washington Mystics,Dallas Wings,07022023-Washington Mystics-Dallas Wings
401507224,wnba,2023-07-02 11:00:00-05:00,Chicago Sky,53.1%,Indiana Fever,46.9%,07/01/2023 08:19:14 PM,07/01/2023 08:21:39 PM,W2,W4,L5,77.94736842105263,78.94736842105263,W1,W1,L4,80.47058823529412,84.47058823529412,Chicago Sky,Indiana Fever,07022023-Chicago Sky-Indiana Fever
401507228,wnba,2023-07-05 15:00:00-05:00,Indiana Fever,34.0%,Minnesota Lynx,66.0%,07/01/2023 08:19:15 PM,07/01/2023 08:21:43 PM,W1,W1,L4,80.47058823529412,84.47058823529412,L1,L1,W2,78.41176470588235,83.41176470588235,Indiana Fever,Minnesota Lynx,07052023-Indiana Fever-Minnesota Lynx
401507229,wnba,2023-07-05 17:00:00-05:00,Dallas Wings,13.4%,Las Vegas Aces,86.6%,07/01/2023 08:19:17 PM,07/01/2023 08:21:52 PM,L1,W2,L1,83.41176470588235,83.3529411764706,W9,W10,W1,93.11764705882354,78.0,Dallas Wings,Las Vegas Aces,07052023-Dallas Wings-Las Vegas Aces
401507227,wnba,2023-07-05 14:00:00-05:00,Phoenix Mercury,12.7%,New York Liberty,87.3%,07/01/2023 08:19:16 PM,07/01/2023 08:21:46 PM,L1,L1,W1,76.3125,85.125,L3,W2,L3,84.9375,80.3125,Phoenix Mercury,New York Liberty,07052023-Phoenix Mercury-New York Liberty
401525462,college-football,2023-09-01 14:30:00-05:00,Louisville Cardinals,65.80%,Georgia Tech Yellow Jackets,34.20%,6/29/2023 1:01,6/29/2023 1:05,,,,,,,,,,,Louisville,Georgia Tech,09012023-Louisville-Georgia Tech
401525463,college-football,2023-09-01 14:00:00-05:00,Miami (OH) RedHawks,9.10%,Miami Hurricanes,90.90%,6/29/2023 1:01,6/29/2023 1:05,,,,,,,,,,,Miami Ohio,Miami Florida ,09012023-Miami Ohio-Miami Florida 
401525822,college-football,2023-09-02 07:00:00-05:00,Arkansas State Red Wolves,3.30%,Oklahoma Sooners,96.70%,6/29/2023 1:01,6/29/2023 1:05,,,,,,,,,,,Arkansas State,Oklahoma ,09022023-Arkansas State-Oklahoma 
401520179,college-football,2023-09-02 07:00:00-05:00,Virginia Cavaliers,9.60%,Tennessee Volunteers,90.40%,6/29/2023 1:01,6/29/2023 1:05,,,,,,,,,,,Virginia,Tennessee,09022023-Virginia-Tennessee
401520149,college-football,2023-09-02 14:30:00-05:00,Middle Tennessee Blue Raiders,1.00%,Alabama Crimson Tide,99.00%,6/29/2023 1:02,6/29/2023 1:05,,,,,,,,,,,Middle Tennessee State,Alabama,09022023-Middle Tennessee State-Alabama
401531402,college-football,2023-09-02 13:00:00-05:00,South Carolina State Bulldogs,8.20%,Charlotte 49ers,91.80%,6/29/2023 1:02,6/29/2023 1:05,,,,,,,,,,,South Carolina State Bulldogs,Charlotte 49ers,09022023-South Carolina State Bulldogs-Charlotte 49ers
401531835,college-football,2023-09-02 10:30:00-05:00,Gardner-Webb Runnin' Bulldogs,1.20%,Appalachian State Mountaineers,98.80%,6/29/2023 1:02,6/29/2023 1:05,,,,,,,,,,,Gardner-Webb Runnin' Bulldogs,Appalachian State Mountaineers,09022023-Gardner-Webb Runnin' Bulldogs-Appalachian State Mountaineers
401520169,college-football,2023-09-02 14:30:00-05:00,West Virginia Mountaineers,9.00%,Penn State Nittany Lions,91.00%,6/29/2023 1:02,6/29/2023 1:05,,,,,,,,,,,West Virginia,Penn State,09022023-West Virginia-Penn State
401525450,college-football,2023-08-26 14:00:00-05:00,UMass Minutemen,33.70%,New Mexico State Aggies,66.30%,6/29/2023 1:02,6/29/2023 1:05,,,,,,,,,,,Massachusetts,New Mexico State,08262023-Massachusetts-New Mexico State
401520178,college-football,2023-09-02 14:00:00-05:00,Alabama A&M Bulldogs,1.10%,Vanderbilt Commodores,98.90%,6/29/2023 1:02,6/29/2023 1:05,,,,,,,,,,,Alabama A&M Bulldogs,Vanderbilt,09022023-Alabama A&M Bulldogs-Vanderbilt
401520163,college-football,2023-09-01 14:00:00-05:00,Central Michigan Chippewas,7.70%,Michigan State Spartans,92.30%,6/29/2023 1:02,6/29/2023 1:05,,,,,,,,,,,Central Michigan,Michigan State,09012023-Central Michigan-Michigan State
401523990,college-football,2023-09-02 14:00:00-05:00,Washington State Cougars,73.80%,Colorado State Rams,26.20%,6/29/2023 1:02,6/29/2023 1:05,,,,,,,,,,,Washington State,Colorado State,09022023-Washington State-Colorado State
401523989,college-football,2023-09-02 17:00:00-05:00,Northern Arizona Lumberjacks,3.70%,Arizona Wildcats,96.30%,6/29/2023 1:02,6/29/2023 1:05,,,,,,,,,,,Northern Arizona Lumberjacks,Arizona Wildcats,09022023-Northern Arizona Lumberjacks-Arizona Wildcats
401525820,college-football,2023-09-02 09:00:00-05:00,Northern Iowa Panthers,7.80%,Iowa State Cyclones,92.20%,6/29/2023 1:02,6/29/2023 1:05,,,,,,,,,,,Northern Iowa Panthers,Iowa State Cyclones,09022023-Northern Iowa Panthers-Iowa State Cyclones
401525821,college-football,2023-09-02 14:00:00-05:00,Southeast Missouri State Redhawks,1.50%,Kansas State Wildcats,98.50%,6/29/2023 1:02,6/29/2023 1:05,,,,,,,,,,,Southeast Missouri State Redhawks,Kansas State,09022023-Southeast Missouri State Redhawks-Kansas State
401531347,college-football,2023-09-02 15:00:00-05:00,South Alabama Jaguars,22.40%,Tulane Green Wave,77.60%,6/29/2023 1:02,6/29/2023 1:05,,,,,,,,,,,South Alabama,Tulane,09022023-South Alabama-Tulane
401532572,college-football,2023-09-02 11:00:00-05:00,Bryant Bulldogs,1.70%,UNLV Rebels,98.30%,6/29/2023 1:02,6/29/2023 1:05,,,,,,,,,,,Bryant Bulldogs,UNLV Rebels,09022023-Bryant Bulldogs-UNLV Rebels
401520168,college-football,2023-09-02 09:00:00-05:00,Mercer Bears,1.00%,Ole Miss Rebels,99.00%,6/29/2023 1:02,6/29/2023 1:05,,,,,,,,,,,Mercer Bears,Ole Miss,09022023-Mercer Bears-Ole Miss
401520146,college-football,2023-08-26 16:00:00-05:00,Florida International Panthers,20.10%,Louisiana Tech Bulldogs,79.90%,6/29/2023 1:02,6/29/2023 1:05,,,,,,,,,,,Florida International,Louisiana Tech,08262023-Florida International-Louisiana Tech
401520176,college-football,2023-08-31 15:00:00-05:00,Florida Gators,29.70%,Utah Utes,70.30%,6/29/2023 1:02,6/29/2023 1:05,,,,,,,,,,,Florida ,Utah,08312023-Florida -Utah
401520170,college-football,2023-09-02 07:00:00-05:00,Fresno State Bulldogs,21.50%,Purdue Boilermakers,78.50%,6/29/2023 1:02,6/29/2023 1:05,,,,,,,,,,,Fresno State,Purdue,09022023-Fresno State-Purdue
401525824,college-football,2023-09-02 10:30:00-05:00,Rice Owls,1.70%,Texas Longhorns,98.30%,6/29/2023 1:02,6/29/2023 1:05,,,,,,,,,,,Rice,Texas,09022023-Rice-Texas
401531426,college-football,2023-09-02 14:00:00-05:00,Bethune-Cookman Wildcats,1.10%,Memphis Tigers,98.90%,6/29/2023 1:02,6/29/2023 1:05,,,,,,,,,,,Bethune-Cookman Wildcats,Memphis Tigers,09022023-Bethune-Cookman Wildcats-Memphis Tigers
401520156,college-football,2023-09-02 10:30:00-05:00,Ohio State Buckeyes,98.00%,Indiana Hoosiers,2.00%,6/29/2023 1:02,6/29/2023 1:05,,,,,,,,,,,Ohio State,Indiana,09022023-Ohio State-Indiana
401531337,college-football,2023-08-31 15:00:00-05:00,Arkansas-Pine Bluff Golden Lions,1.40%,Tulsa Golden Hurricane,98.60%,6/29/2023 1:02,6/29/2023 1:05,,,,,,,,,,,Arkansas-Pine Bluff Golden Lions,Tulsa Golden Hurricane,08312023-Arkansas-Pine Bluff Golden Lions-Tulsa Golden Hurricane
401525823,college-football,2023-09-02 14:00:00-05:00,Central Arkansas Bears,3.00%,Oklahoma State Cowboys,97.00%,6/29/2023 1:02,6/29/2023 1:05,,,,,,,,,,,Central Arkansas Bears,Oklahoma State Cowboys,09022023-Central Arkansas Bears-Oklahoma State Cowboys
401520145,college-football,2023-08-26 12:30:00-05:00,UTEP Miners,52.20%,Jacksonville State Gamecocks,47.80%,6/29/2023 1:02,6/29/2023 1:05,,,,,,,,,,,UTEP,Jacksonville State,08262023-UTEP-Jacksonville State
401520177,college-football,2023-09-02 16:00:00-05:00,Incarnate Word Cardinals,5.90%,UTEP Miners,94.10%,6/29/2023 1:02,6/29/2023 1:05,,,,,,,,,,,Incarnate Word Cardinals,UTEP,09022023-Incarnate Word Cardinals-UTEP
401520174,college-football,2023-08-31 14:30:00-05:00,NC State Wolfpack,87.30%,UConn Huskies,12.70%,6/29/2023 1:02,6/29/2023 1:05,,,,,,,,,,,NC State,Connecticut,08312023-NC State-Connecticut
401531840,college-football,2023-09-02 14:00:00-05:00,Alcorn State Braves,6.10%,Southern Miss Golden Eagles,93.90%,6/29/2023 1:02,6/29/2023 1:05,,,,,,,,,,,Alcorn State Braves,Southern Miss Golden Eagles,09022023-Alcorn State Braves-Southern Miss Golden Eagles
401532570,college-football,2023-09-02 09:00:00-05:00,Robert Morris Colonials,1.10%,Air Force Falcons,98.90%,6/29/2023 1:02,6/29/2023 1:05,,,,,,,,,,,Robert Morris Colonials,Air Force Falcons,09022023-Robert Morris Colonials-Air Force Falcons
401523988,college-football,2023-09-01 18:00:00-05:00,Stanford Cardinal,62.80%,Hawai'i Rainbow Warriors,37.20%,6/29/2023 1:02,6/29/2023 1:05,,,,,,,,,,,Stanford,Hawaii,09012023-Stanford-Hawaii
401520150,college-football,2023-09-02 11:00:00-05:00,Western Carolina Catamounts,1.00%,Arkansas Razorbacks,99.00%,6/29/2023 1:02,6/29/2023 1:05,,,,,,,,,,,Western Carolina Catamounts,Arkansas,09022023-Western Carolina Catamounts-Arkansas
401520164,college-football,2023-09-02 11:00:00-05:00,SE Louisiana Lions,2.80%,Mississippi State Bulldogs,97.20%,6/29/2023 1:02,6/29/2023 1:05,,,,,,,,,,,SE Louisiana Lions,Mississippi State,09022023-SE Louisiana Lions-Mississippi State
401531839,college-football,2023-09-02 14:30:00-05:00,Northwestern State Demons,2.50%,Louisiana Ragin' Cajuns,97.50%,6/29/2023 1:02,6/29/2023 1:05,,,,,,,,,,,Northwestern State Demons,Louisiana Ragin' Cajuns,09022023-Northwestern State Demons-Louisiana Ragin' Cajuns
401520166,college-football,2023-09-02 16:00:00-05:00,Western Illinois Leathernecks,14.80%,New Mexico State Aggies,85.20%,6/29/2023 1:02,6/29/2023 1:05,,,,,,,,,,,Western Illinois Leathernecks,New Mexico State,09022023-Western Illinois Leathernecks-New Mexico State
401525468,college-football,2023-09-04 15:00:00-05:00,Clemson Tigers,85.20%,Duke Blue Devils,14.80%,6/29/2023 1:02,6/29/2023 1:05,,,,,,,,,,,Clemson,Duke,09042023-Clemson-Duke
401531837,college-football,2023-09-02 13:00:00-05:00,Bucknell Bison,1.90%,James Madison Dukes,98.10%,6/29/2023 1:02,6/29/2023 1:05,,,,,,,,,,,Bucknell Bison,James Madison Dukes,09022023-Bucknell Bison-James Madison Dukes
401520172,college-football,2023-09-02 07:00:00-05:00,Louisiana Tech Bulldogs,10.80%,SMU Mustangs,89.20%,6/29/2023 1:02,6/29/2023 1:05,,,,,,,,,,,Louisiana Tech,SMU,09022023-Louisiana Tech-SMU
401520162,college-football,2023-09-02 07:00:00-05:00,East Carolina Pirates,3.30%,Michigan Wolverines,96.70%,6/29/2023 1:02,6/29/2023 1:05,,,,,,,,,,,East Carolina,Michigan,09022023-East Carolina-Michigan
401523997,college-football,2023-09-02 10:30:00-05:00,Boise State Broncos,17.90%,Washington Huskies,82.10%,6/29/2023 1:02,6/29/2023 1:05,,,,,,,,,,,Boise State,Washington,09022023-Boise State-Washington
401520175,college-football,2023-09-02 14:00:00-05:00,Army Black Knights,60.90%,UL Monroe Warhawks,39.10%,6/29/2023 1:02,6/29/2023 1:05,,,,,,,,,,,Army,UL Monroe,09022023-Army-UL Monroe
401520165,college-football,2023-08-31 15:00:00-05:00,South Dakota Coyotes,4.00%,Missouri Tigers,96.00%,6/29/2023 1:02,6/29/2023 1:05,,,,,,,,,,,South Dakota Coyotes,Missouri Tigers,08312023-South Dakota Coyotes-Missouri Tigers
401520148,college-football,2023-08-31 15:00:00-05:00,Nebraska Cornhuskers,26.60%,Minnesota Golden Gophers,73.40%,6/29/2023 1:02,6/29/2023 1:05,,,,,,,,,,,Nebraska,Minnesota ,08312023-Nebraska-Minnesota 
401520171,college-football,2023-09-03 07:00:00-05:00,Northwestern Wildcats,47.30%,Rutgers Scarlet Knights,52.70%,6/29/2023 1:02,6/29/2023 1:05,,,,,,,,,,,Northwestern,Rutgers,09032023-Northwestern-Rutgers
401520153,college-football,2023-09-02 13:30:00-05:00,Maine Black Bears,28.40%,Florida International Panthers,71.60%,6/29/2023 1:02,6/29/2023 1:05,,,,,,,,,,,Maine Black Bears,Florida International,09022023-Maine Black Bears-Florida International
401520161,college-football,2023-09-02 10:30:00-05:00,Towson Tigers,4.80%,Maryland Terrapins,95.20%,6/29/2023 1:02,6/29/2023 1:05,,,,,,,,,,,Towson Tigers,Maryland Terrapins,09022023-Towson Tigers-Maryland Terrapins
401520160,college-football,2023-09-02 07:00:00-05:00,Bowling Green Falcons,25.10%,Liberty Flames,74.90%,6/29/2023 1:02,6/29/2023 1:05,,,,,,,,,,,Bowling Green,Liberty,09022023-Bowling Green-Liberty
401532393,college-football,2023-08-31 14:00:00-05:00,St. Francis (PA) Red Flash,8.20%,Western Michigan Broncos,91.80%,6/29/2023 1:02,6/29/2023 1:05,,,,,,,,,,,St. Francis (PA) Red Flash,Western Michigan Broncos,08312023-St. Francis (PA) Red Flash-Western Michigan Broncos
401520147,college-football,2023-08-26 14:30:00-05:00,Hawai'i Rainbow Warriors,15.00%,Vanderbilt Commodores,85.00%,6/29/2023 1:02,6/29/2023 1:05,,,,,,,,,,,Hawaii,Vanderbilt,08262023-Hawaii-Vanderbilt
401523996,college-football,2023-09-02 13:30:00-05:00,Nevada Wolf Pack,2.20%,USC Trojans,97.80%,6/29/2023 1:02,6/29/2023 1:05,,,,,,,,,,,Nevada,USC,09022023-Nevada-USC
401525819,college-football,2023-09-02 14:00:00-05:00,UTSA Roadrunners,35.60%,Houston Cougars,64.40%,6/29/2023 1:02,6/29/2023 1:05,,,,,,,,,,,UTSA,Houston,09022023-UTSA-Houston
401525461,college-football,2023-08-31 14:00:00-05:00,Elon Phoenix,3.10%,Wake Forest Demon Deacons,96.90%,6/29/2023 1:02,6/29/2023 1:05,,,,,,,,,,,Elon Phoenix,Wake Forest Demon Deacons,08312023-Elon Phoenix-Wake Forest Demon Deacons
401525817,college-football,2023-09-02 14:00:00-05:00,Texas State Bobcats,4.40%,Baylor Bears,95.60%,6/29/2023 1:02,6/29/2023 1:05,,,,,,,,,,,Texas State,Baylor,09022023-Texas State-Baylor
401525467,college-football,2023-09-02 15:00:00-05:00,Old Dominion Monarchs,18.70%,Virginia Tech Hokies,81.30%,6/29/2023 1:02,6/29/2023 1:05,,,,,,,,,,,Old Dominion,Virginia Tech ,09022023-Old Dominion-Virginia Tech 
401523995,college-football,2023-09-02 17:30:00-05:00,Coastal Carolina Chanticleers,12.20%,UCLA Bruins,87.80%,6/29/2023 1:02,6/29/2023 1:05,,,,,,,,,,,Coastal Carolina,UCLA,09022023-Coastal Carolina-UCLA
401520155,college-football,2023-09-02 14:30:00-05:00,Toledo Rockets,18.80%,Illinois Fighting Illini,81.20%,6/29/2023 1:02,6/29/2023 1:05,,,,,,,,,,,Toledo,Illinois,09022023-Toledo-Illinois
401525465,college-football,2023-09-02 10:30:00-05:00,Wofford Terriers,3.60%,Pittsburgh Panthers,96.40%,6/29/2023 1:02,6/29/2023 1:05,,,,,,,,,,,Wofford Terriers,Pittsburgh Panthers,09022023-Wofford Terriers-Pittsburgh Panthers
401523987,college-football,2023-08-31 17:00:00-05:00,Southern Utah Thunderbirds,3.10%,Arizona State Sun Devils,96.90%,6/29/2023 1:02,6/29/2023 1:06,,,,,,,,,,,Southern Utah Thunderbirds,Arizona State Sun Devils,08312023-Southern Utah Thunderbirds-Arizona State Sun Devils
401525825,college-football,2023-09-02 14:30:00-05:00,Texas Tech Red Raiders,82.20%,Wyoming Cowboys,17.80%,6/29/2023 1:02,6/29/2023 1:06,,,,,,,,,,,Texas Tech,Wyoming,09022023-Texas Tech-Wyoming
401525818,college-football,2023-09-02 10:30:00-05:00,Eastern Kentucky Colonels,2.00%,Cincinnati Bearcats,98.00%,6/29/2023 1:02,6/29/2023 1:06,,,,,,,,,,,Eastern Kentucky Colonels,Cincinnati Bearcats,09022023-Eastern Kentucky Colonels-Cincinnati Bearcats
401532395,college-football,2023-09-02 09:00:00-05:00,Long Island University Sharks,1.30%,Ohio Bobcats,98.70%,6/29/2023 1:02,6/29/2023 1:06,,,,,,,,,,,Long Island University Sharks,Ohio,09022023-Long Island University Sharks-Ohio
401532573,college-football,2023-09-03 10:30:00-05:00,Oregon State Beavers,89.20%,San José State Spartans,10.80%,6/29/2023 1:02,6/29/2023 1:06,,,,,,,,,,,Oregon State,San Jose State,09032023-Oregon State-San Jose State
401520181,college-football,2023-09-02 10:30:00-05:00,South Florida Bulls,30.20%,Western Kentucky Hilltoppers,69.80%,6/29/2023 1:02,6/29/2023 1:06,,,,,,,,,,,South Florida,Western Kentucky,09022023-South Florida-Western Kentucky
401520159,college-football,2023-09-02 07:00:00-05:00,Ball State Cardinals,6.60%,Kentucky Wildcats,93.40%,6/29/2023 1:02,6/29/2023 1:06,,,,,,,,,,,Ball State,Kentucky,09022023-Ball State-Kentucky
401525464,college-football,2023-09-02 07:00:00-05:00,Northern Illinois Huskies,22.30%,Boston College Eagles,77.70%,6/29/2023 1:02,6/29/2023 1:06,,,,,,,,,,,Northern Illinois,Boston College,09022023-Northern Illinois-Boston College
401532394,college-football,2023-09-01 13:30:00-05:00,Howard Bison,1.00%,Eastern Michigan Eagles,99.00%,6/29/2023 1:02,6/29/2023 1:06,,,,,,,,,,,Howard Bison,Eastern Michigan Eagles,09012023-Howard Bison-Eastern Michigan Eagles
401525816,college-football,2023-08-31 14:00:00-05:00,Kent State Golden Flashes,4.30%,UCF Knights,95.70%,6/29/2023 1:02,6/29/2023 1:06,,,,,,,,,,,Kent State,Central Florida,08312023-Kent State-Central Florida
401525466,college-football,2023-09-02 11:00:00-05:00,Colgate Raiders,1.30%,Syracuse Orange,98.70%,6/29/2023 1:02,6/29/2023 1:06,,,,,,,,,,,Colgate Raiders,Syracuse Orange,09022023-Colgate Raiders-Syracuse Orange
401525815,college-football,2023-09-01 15:00:00-05:00,Missouri State Bears,2.50%,Kansas Jayhawks,97.50%,6/29/2023 1:02,6/29/2023 1:06,,,,,,,,,,,Missouri State Bears,Kansas,09012023-Missouri State Bears-Kansas
401531387,college-football,2023-09-02 09:00:00-05:00,Akron Zips,24.50%,Temple Owls,75.50%,6/29/2023 1:02,6/29/2023 1:06,,,,,,,,,,,Akron,Temple,09022023-Akron-Temple
401520167,college-football,2023-09-02 14:30:00-05:00,North Carolina Tar Heels,64.40%,South Carolina Gamecocks,35.60%,6/29/2023 1:02,6/29/2023 1:06,,,,,,,,,,,North Carolina,South Carolina,09022023-North Carolina-South Carolina
401531834,college-football,2023-08-31 14:00:00-05:00,Rhode Island Rams,5.10%,Georgia State Panthers,94.90%,6/29/2023 1:02,6/29/2023 1:06,,,,,,,,,,,Rhode Island Rams,Georgia State Panthers,08312023-Rhode Island Rams-Georgia State Panthers
401520180,college-football,2023-09-02 10:30:00-05:00,Buffalo Bulls,5.50%,Wisconsin Badgers,94.50%,6/29/2023 1:02,6/29/2023 1:06,,,,,,,,,,,Buffalo,Wisconsin ,09022023-Buffalo-Wisconsin 
401520157,college-football,2023-09-02 07:00:00-05:00,Utah State Aggies,7.20%,Iowa Hawkeyes,92.80%,6/29/2023 1:02,6/29/2023 1:06,,,,,,,,,,,Utah State,Iowa,09022023-Utah State-Iowa
401531377,college-football,2023-08-31 15:00:00-05:00,North Carolina A&T Aggies,10.20%,UAB Blazers,89.80%,6/29/2023 1:02,6/29/2023 1:06,,,,,,,,,,,North Carolina A&T Aggies,UAB Blazers,08312023-North Carolina A&T Aggies-UAB Blazers
401520154,college-football,2023-09-02 13:00:00-05:00,UT Martin Skyhawks,1.00%,Georgia Bulldogs,99.00%,6/29/2023 1:02,6/29/2023 1:06,,,,,,,,,,,UT Martin Skyhawks,Georgia,09022023-UT Martin Skyhawks-Georgia
401531838,college-football,2023-09-02 13:00:00-05:00,Albany Great Danes,7.00%,Marshall Thundering Herd,93.00%,6/29/2023 1:02,6/29/2023 1:06,,,,,,,,,,,Albany Great Danes,Marshall Thundering Herd,09022023-Albany Great Danes-Marshall Thundering Herd
401523991,college-football,2023-09-02 11:00:00-05:00,California Golden Bears,64.00%,North Texas Mean Green,36.00%,6/29/2023 1:02,6/29/2023 1:06,,,,,,,,,,,California,North Texas,09022023-California-North Texas
401525434,college-football,2023-08-26 09:30:00-05:00,Navy Midshipmen,3.30%,Notre Dame Fighting Irish,96.70%,6/29/2023 1:02,6/29/2023 1:06,,,,,,,,,,,Navy,Notre Dame,08262023-Navy-Notre Dame
401520182,college-football,2023-09-03 14:30:00-05:00,LSU Tigers,68.20%,Florida State Seminoles,31.80%,6/29/2023 1:02,6/29/2023 1:06,,,,,,,,,,,LSU,Florida State,09032023-LSU-Florida State
401531418,college-football,2023-09-02 13:00:00-05:00,Monmouth Hawks,6.40%,Florida Atlantic Owls,93.60%,6/29/2023 1:02,6/29/2023 1:06,,,,,,,,,,,Monmouth Hawks,Florida Atlantic Owls,09022023-Monmouth Hawks-Florida Atlantic Owls
401531836,college-football,2023-09-02 13:00:00-05:00,The Citadel Bulldogs,6.90%,Georgia Southern Eagles,93.10%,6/29/2023 1:02,6/29/2023 1:06,,,,,,,,,,,The Citadel Bulldogs,Georgia Southern Eagles,09022023-The Citadel Bulldogs-Georgia Southern Eagles
401525435,college-football,2023-09-02 10:30:00-05:00,Tennessee State Tigers,1.00%,Notre Dame Fighting Irish,99.00%,6/29/2023 1:02,6/29/2023 1:06,,,,,,,,,,,Tennessee State Tigers,Notre Dame,09022023-Tennessee State Tigers-Notre Dame
401523986,college-football,2023-08-26 15:00:00-05:00,San José State Spartans,2.60%,USC Trojans,97.40%,6/29/2023 1:02,6/29/2023 1:06,,,,,,,,,,,San Jose State,USC,08262023-San Jose State-USC
401520151,college-football,2023-09-02 10:30:00-05:00,UMass Minutemen,2.80%,Auburn Tigers,97.20%,6/29/2023 1:02,6/29/2023 1:06,,,,,,,,,,,Massachusetts,Auburn,09022023-Massachusetts-Auburn
401532392,college-football,2023-08-26 14:00:00-05:00,Ohio Bobcats,32.20%,San Diego State Aztecs,67.80%,6/29/2023 1:02,6/29/2023 1:06,,,,,,,,,,,Ohio,San Diego State,08262023-Ohio-San Diego State
401520152,college-football,2023-09-02 17:15:00-05:00,Sam Houston Bearkats,5.80%,BYU Cougars,94.20%,6/29/2023 1:02,6/29/2023 1:06,,,,,,,,,,,Sam Houston State,BYU,09022023-Sam Houston State-BYU
401520173,college-football,2023-09-02 14:00:00-05:00,New Mexico Lobos,2.40%,Texas A&M Aggies,97.60%,6/29/2023 1:02,6/29/2023 1:06,,,,,,,,,,,New Mexico,Texas A&M ,09022023-New Mexico-Texas A&M 
401531841,college-football,2023-09-02 14:00:00-05:00,Stephen F. Austin Lumberjacks,1.80%,Troy Trojans,98.20%,6/29/2023 1:02,6/29/2023 1:06,,,,,,,,,,,Stephen F. Austin Lumberjacks,Troy Trojans,09022023-Stephen F. Austin Lumberjacks-Troy Trojans
401523992,college-football,2023-09-02 10:00:00-05:00,Portland State Vikings,1.00%,Oregon Ducks,99.00%,6/29/2023 1:02,6/29/2023 1:06,,,,,,,,,,,Portland State Vikings,Oregon,09022023-Portland State Vikings-Oregon
401532571,college-football,2023-09-02 17:30:00-05:00,Idaho State Bengals,4.10%,San Diego State Aztecs,95.90%,6/29/2023 1:02,6/29/2023 1:06,,,,,,,,,,,Idaho State Bengals,San Diego State,09022023-Idaho State Bengals-San Diego State
401523994,college-football,2023-09-02 07:00:00-05:00,Colorado Buffaloes,5.40%,TCU Horned Frogs,94.60%,6/29/2023 1:02,6/29/2023 1:06,,,,,,,,,,,Colorado,TCU,09022023-Colorado-TCU
401472276,mlb,2023-07-02 09:15:00-05:00,New York Yankees,51.8%,St. Louis Cardinals,48.2%,07/01/2023 08:19:03 PM,07/01/2023 08:20:54 PM,L1,W2,L1,4.451219512195122,4.060975609756097,W1,W1,L1,4.641975308641976,4.938271604938271,New York Yankees,St. Louis Cardinals,07022023-New York Yankees-St. Louis Cardinals
401472280,mlb,2023-07-02 08:35:00-05:00,Washington Nationals,39.3%,Philadelphia Phillies,60.7%,07/01/2023 08:19:03 PM,07/01/2023 08:20:58 PM,L1,L1,L1,4.134146341463414,5.060975609756097,W1,W1,W9,4.548780487804878,4.463414634146342,Washington Nationals,Philadelphia Phillies,07022023-Washington Nationals-Philadelphia Phillies
401472278,mlb,2023-07-02 14:00:00-05:00,San Francisco Giants,55.5%,New York Mets,44.5%,07/01/2023 08:19:09 PM,07/01/2023 08:21:19 PM,L1,L1,L1,4.783132530120482,4.301204819277109,W1,W1,L1,4.433734939759036,4.626506024096385,San Francisco Giants,New York Mets,07022023-San Francisco Giants-New York Mets
401472271,mlb,2023-07-02 09:20:00-05:00,Cleveland Guardians,50.9%,Chicago Cubs,49.1%,07/01/2023 08:19:07 PM,07/01/2023 08:21:10 PM,L2,L1,L2,3.975308641975309,4.172839506172839,W1,W1,W3,4.6125,4.2125,Cleveland Guardians,Chicago Cubs,07022023-Cleveland Guardians-Chicago Cubs
401472275,mlb,2023-07-02 07:05:00-05:00,Minnesota Twins,54.9%,Baltimore Orioles,45.1%,07/01/2023 08:19:11 PM,07/01/2023 08:21:26 PM,W2,W2,W2,4.190476190476191,3.809523809523809,L4,L4,L1,4.802469135802469,4.567901234567901,Minnesota Twins,Baltimore Orioles,07022023-Minnesota Twins-Baltimore Orioles
401472268,mlb,2023-07-02 11:07:00-05:00,Arizona Diamondbacks,50.4%,Los Angeles Angels,49.6%,07/01/2023 08:19:10 PM,07/01/2023 08:21:23 PM,W1,L2,W2,5.132530120481928,4.674698795180723,L3,L3,L1,4.964285714285714,4.583333333333333,Arizona Diamondbacks,Los Angeles Angels,07022023-Arizona Diamondbacks-Los Angeles Angels
401472282,mlb,2023-07-02 10:10:00-05:00,Detroit Tigers,57.5%,Colorado Rockies,42.5%,07/01/2023 08:19:08 PM,07/01/2023 08:21:16 PM,L1,L1,L1,3.814814814814815,4.839506172839506,W1,W1,L8,4.392857142857143,6.0,Detroit Tigers,Colorado Rockies,07022023-Detroit Tigers-Colorado Rockies
401472279,mlb,2023-07-02 11:10:00-05:00,Tampa Bay Rays,45.2%,Seattle Mariners,54.8%,07/01/2023 08:19:04 PM,07/01/2023 08:20:59 PM,W3,W1,W3,5.635294117647059,3.7176470588235295,L3,L3,L2,4.4625,4.325,Tampa Bay Rays,Seattle Mariners,07022023-Tampa Bay Rays-Seattle Mariners
401472281,mlb,2023-07-02 08:35:00-05:00,Milwaukee Brewers,44.3%,Pittsburgh Pirates,55.7%,07/01/2023 08:19:06 PM,07/01/2023 08:21:09 PM,W1,L1,W1,4.120481927710843,4.349397590361446,L1,L1,L2,4.2682926829268295,4.682926829268292,Milwaukee Brewers,Pittsburgh Pirates,07022023-Milwaukee Brewers-Pittsburgh Pirates
401472277,mlb,2023-07-02 08:40:00-05:00,San Diego Padres,39.4%,Cincinnati Reds,60.6%,07/01/2023 08:19:12 PM,07/01/2023 08:21:30 PM,W1,L2,W1,4.349397590361446,4.0602409638554215,L1,L1,W2,4.987951807228916,5.240963855421687,San Diego Padres,Cincinnati Reds,07022023-San Diego Padres-Cincinnati Reds
401472270,mlb,2023-07-02 11:07:00-05:00,Chicago White Sox,52.9%,Oakland Athletics,47.1%,07/01/2023 08:19:09 PM,07/01/2023 08:21:17 PM,L2,W2,L2,4.1647058823529415,4.858823529411764,W2,W2,L2,3.5294117647058822,6.305882352941176,Chicago White Sox,OAK Athletics,07022023-Chicago White Sox-OAK Athletics
401472272,mlb,2023-07-02 09:35:00-05:00,Houston Astros,45.8%,Texas Rangers,54.2%,07/01/2023 08:19:10 PM,07/01/2023 08:21:25 PM,L1,W2,L1,4.626506024096385,3.963855421686747,W1,W1,L2,5.9156626506024095,4.0120481927710845,Houston Astros,Texas Rangers,07022023-Houston Astros-Texas Rangers
401472274,mlb,2023-07-02 08:35:00-05:00,Miami Marlins,24.2%,Atlanta Braves,75.8%,07/01/2023 08:19:09 PM,07/01/2023 08:21:20 PM,L2,W2,L2,4.023809523809524,4.25,W7,W9,W2,5.658536585365853,4.0,Miami Marlins,Atlanta Braves,07022023-Miami Marlins-Atlanta Braves
401472273,mlb,2023-07-02 09:10:00-05:00,Los Angeles Dodgers,70.1%,Kansas City Royals,29.9%,07/01/2023 08:19:11 PM,07/01/2023 08:21:27 PM,W2,L1,W2,5.493827160493828,4.654320987654321,L1,L1,L1,3.707317073170732,5.426829268292683,Los Angeles Dodgers,Kansas City Royals,07022023-Los Angeles Dodgers-Kansas City Royals
401472269,mlb,2023-07-02 08:37:00-05:00,Boston Red Sox,37.8%,Toronto Blue Jays,62.2%,07/01/2023 08:19:13 PM,07/01/2023 08:21:38 PM,W2,L3,W2,4.869047619047619,4.726190476190476,L2,L2,W2,4.464285714285714,4.226190476190476,Boston Red Sox,Toronto Blue Jays,07022023-Boston Red Sox-Toronto Blue Jays
401507231,wnba,2023-07-06 14:00:00-05:00,Seattle Storm,17.7%,Connecticut Sun,82.3%,07/01/2023 08:19:19 PM,07/01/2023 08:21:56 PM,L3,L2,L1,79.6875,85.75,W2,W1,W1,82.84210526315789,77.78947368421052,Seattle Storm,Connecticut Sun,07062023-Seattle Storm-Connecticut Sun
401472288,mlb,2023-07-03 15:10:00-05:00,Kansas City Royals,27.0%,Minnesota Twins,73.0%,07/01/2023 08:19:12 PM,07/01/2023 08:21:33 PM,L1,L1,L1,3.707317073170732,5.426829268292683,W2,W2,W2,4.190476190476191,3.809523809523809,Kansas City Royals,Minnesota Twins,07032023-Kansas City Royals-Minnesota Twins
401472284,mlb,2023-07-03 14:05:00-05:00,Baltimore Orioles,48.1%,New York Yankees,51.9%,07/01/2023 08:19:08 PM,07/01/2023 08:21:14 PM,L4,L4,L1,4.802469135802469,4.567901234567901,L1,W2,L1,4.451219512195122,4.060975609756097,Baltimore Orioles,New York Yankees,07032023-Baltimore Orioles-New York Yankees
401472289,mlb,2023-07-03 17:10:00-05:00,Pittsburgh Pirates,24.2%,Los Angeles Dodgers,75.8%,07/01/2023 08:19:05 PM,07/01/2023 08:21:06 PM,L1,L1,L2,4.2682926829268295,4.682926829268292,W2,L1,W2,5.493827160493828,4.654320987654321,Pittsburgh Pirates,Los Angeles Dodgers,07032023-Pittsburgh Pirates-Los Angeles Dodgers
401472285,mlb,2023-07-03 09:10:00-05:00,Chicago Cubs,48.4%,Milwaukee Brewers,51.6%,07/01/2023 08:19:12 PM,07/01/2023 08:21:29 PM,W1,W1,W3,4.6125,4.2125,W1,L1,W1,4.120481927710843,4.349397590361446,Chicago Cubs,Milwaukee Brewers,07032023-Chicago Cubs-Milwaukee Brewers
401472283,mlb,2023-07-03 14:10:00-05:00,Atlanta Braves,66.7%,Cleveland Guardians,33.3%,07/01/2023 08:19:05 PM,07/01/2023 08:21:04 PM,W7,W9,W2,5.658536585365853,4.0,L2,L1,L2,3.975308641975309,4.172839506172839,Atlanta Braves,Cleveland Guardians,07032023-Atlanta Braves-Cleveland Guardians
401472286,mlb,2023-07-03 13:05:00-05:00,Cincinnati Reds,46.8%,Washington Nationals,53.2%,07/01/2023 08:19:10 PM,07/01/2023 08:21:21 PM,L1,L1,W2,4.987951807228916,5.240963855421687,L1,L1,L1,4.134146341463414,5.060975609756097,Cincinnati Reds,Washington Nationals,07032023-Cincinnati Reds-Washington Nationals
401472291,mlb,2023-07-03 13:40:00-05:00,St. Louis Cardinals,44.0%,Miami Marlins,56.0%,07/01/2023 08:19:03 PM,07/01/2023 08:20:56 PM,W1,W1,L1,4.641975308641976,4.938271604938271,L2,W2,L2,4.023809523809524,4.25,St. Louis Cardinals,Miami Marlins,07032023-St. Louis Cardinals-Miami Marlins
401472290,mlb,2023-07-03 16:45:00-05:00,Seattle Mariners,32.1%,San Francisco Giants,67.9%,07/01/2023 08:19:04 PM,07/01/2023 08:21:02 PM,L3,L3,L2,4.4625,4.325,L1,L1,L1,4.783132530120482,4.301204819277109,Seattle Mariners,San Francisco Giants,07032023-Seattle Mariners-San Francisco Giants
401472287,mlb,2023-07-03 09:05:00-05:00,Houston Astros,43.9%,Texas Rangers,56.1%,07/01/2023 08:19:13 PM,07/01/2023 08:21:36 PM,L1,W2,L1,4.626506024096385,3.963855421686747,W1,W1,L2,5.9156626506024095,4.0120481927710845,Houston Astros,Texas Rangers,07032023-Houston Astros-Texas Rangers
401472292,mlb,2023-07-03 16:40:00-05:00,Los Angeles Angels,52.7%,San Diego Padres,47.3%,07/01/2023 08:19:07 PM,07/01/2023 08:21:13 PM,L3,L3,L1,4.964285714285714,4.583333333333333,W1,L2,W1,4.349397590361446,4.0602409638554215,Los Angeles Angels,San Diego Padres,07032023-Los Angeles Angels-San Diego Padres
401507232,wnba,2023-07-07 14:00:00-05:00,Indiana Fever,18.3%,Washington Mystics,81.7%,07/01/2023 08:19:18 PM,07/01/2023 08:21:55 PM,W1,W1,L4,80.47058823529412,84.47058823529412,W1,W4,L3,79.82352941176471,75.70588235294117,Indiana Fever,Washington Mystics,07072023-Indiana Fever-Washington Mystics
401507235,wnba,2023-07-07 15:00:00-05:00,Phoenix Mercury,36.6%,Minnesota Lynx,63.4%,07/01/2023 08:19:15 PM,07/01/2023 08:21:42 PM,L1,L1,W1,76.3125,85.125,L1,L1,W2,78.41176470588235,83.41176470588235,Phoenix Mercury,Minnesota Lynx,07072023-Phoenix Mercury-Minnesota Lynx
401507234,wnba,2023-07-07 15:00:00-05:00,Las Vegas Aces,76.7%,Dallas Wings,23.3%,07/01/2023 08:19:18 PM,07/01/2023 08:21:53 PM,W9,W10,W1,93.11764705882354,78.0,L1,W2,L1,83.41176470588235,83.3529411764706,Las Vegas Aces,Dallas Wings,07072023-Las Vegas Aces-Dallas Wings
401507233,wnba,2023-07-07 15:00:00-05:00,Atlanta Dream,47.5%,Chicago Sky,52.5%,07/01/2023 08:19:16 PM,07/01/2023 08:21:47 PM,L2,L1,L3,83.3125,89.4375,W2,W4,L5,77.94736842105263,78.94736842105263,Atlanta Dream,Chicago Sky,07072023-Atlanta Dream-Chicago Sky
675947,soccer,2024-04-26 09:00:00-05:00,VVV-Venlo,,FC Den Bosch,,07/01/2023 01:05:26 AM,07/01/2023 01:08:53 AM,,,,,,,,,,,,,
675949,soccer,2024-04-26 09:00:00-05:00,SC Cambuur,,FC Dordrecht,,07/01/2023 01:05:26 AM,07/01/2023 01:08:54 AM,,,,,,,,,,,,,
675952,soccer,2024-04-26 09:00:00-05:00,Willem II,,FC Groningen,,07/01/2023 01:05:27 AM,07/01/2023 01:08:55 AM,,,,,,,,,,,,,
675948,soccer,2024-04-26 09:00:00-05:00,TOP Oss,,Jong AZ,,07/01/2023 01:05:27 AM,07/01/2023 01:08:56 AM,,,,,,,,,,,,,
675951,soccer,2024-04-26 09:00:00-05:00,Jong Ajax,,Roda JC Kerkrade,,07/01/2023 01:05:28 AM,07/01/2023 01:08:57 AM,,,,,,,,,,,,,
675950,soccer,2024-04-26 09:00:00-05:00,De Graafschap,,MVV Maastricht,,07/01/2023 01:05:28 AM,07/01/2023 01:08:58 AM,,,,,,,,,,,,,
675953,soccer,2024-04-26 09:00:00-05:00,FC Emmen,,Helmond Sport,,07/01/2023 01:05:28 AM,07/01/2023 01:08:59 AM,,,,,,,,,,,,,
