,game_id,game_description,game_type,game_link,game_status,game_sport,game_startTime,game_live,game_awayTeamFirst,game_denySameGame,game_teaserAllowed,game_competitionId,game_notes,game_numMarkets,game_lastModified,competitor_1,competitor_1_home,competitor_2,competitor_2_home,team_1_hcap,team_1_hcap_odds,team_2_hcap,team_2_hcap_odds,team_1_ml_odds,team_2_ml_odds,Over_line,Over_odds,Under_line,Under_odds,draw_ml_odds,game_startTime_cst,game_date_x,game_time_x,away_team_clean_x,home_team_clean_x,DC_Game_ID,away_team,home_team,away_spread,home_spread,away_spread_handle,home_spread_handle,away_spread_bets,home_spread_bets,total_over,total_under,total_over_handle,total_under_handle,total_over_bets,total_under_bets,away_ml,home_ml,away_ml_handle,home_ml_handle,away_ml_bets,home_ml_bets,game_date_y,Sport,away_team_clean_y,home_team_clean_y,game_time_y,team1,team1_pred,team2,team2_pred,away_team_clean,home_team_clean,Clean_Sport,sharp_spread_ind,sharp_moneyline_ind,sharp_total_ind
0,12022832,Tampa Bay Rays @ Boston Red Sox,GAMEEVENT,/baseball/mlb/tampa-bay-rays-boston-red-sox-202306051605,U,BASE,2023-06-05 20:05:00,False,True,NO,True,24736,,39,1685942367950,Boston Red Sox,True,Tampa Bay Rays,False,-1.5,EVEN,1.5,-120,-165,+139,8.5,-120,8.5,EVEN,,2023-06-05 15:05:00-05:00,2023-06-05,03:05 PM,Tampa Bay Rays,Boston Red Sox,06052023-Tampa Bay Rays-Boston Red Sox,TB Rays,BOS Red Sox,-1.5,+1.5,0.87,0.13,0.78,0.22,9,9,0.14,0.86,0.4,0.6,-165,+140,0.79,0.21,0.74,0.26,2023-06-05 00:00:00,MLB,Tampa Bay Rays,Boston Red Sox,2023-06-05 11:05:00,Tampa Bay Rays,,Boston Red Sox,,Tampa Bay Rays,Boston Red Sox,Baseball,1,1,-1
1,11846593,Detroit Tigers @ Philadelphia Phillies,GAMEEVENT,/baseball/mlb/detroit-tigers-philadelphia-phillies-202306051840,U,BASE,2023-06-05 22:40:00,False,True,NO,True,24736,,36,1685941445141,Philadelphia Phillies,True,Detroit Tigers,False,1.5,EVEN,-1.5,-120,+195,-240,8.5,-115,8.5,-105,,2023-06-05 17:40:00-05:00,2023-06-05,05:40 PM,Detroit Tigeres,Philadelphia Phillies,06052023-Detroit Tigeres-Philadelphia Phillies,DET Tigers,PHI Phillies,+1.5,-1.5,0.08,0.92,0.18,0.82,8.5,8.5,0.43,0.57,0.5,0.5,+200,-240,0.19,0.81,0.19,0.81,2023-06-05 00:00:00,MLB,Detroit Tigeres,Philadelphia Phillies,2023-06-05 13:40:00,Detroit Tigers,31.1%,Philadelphia Phillies,68.9%,Detroit Tigeres,Philadelphia Phillies,Baseball,-1,-1,-2
2,11846603,Oakland Athletics @ Pittsburgh Pirates,GAMEEVENT,/baseball/mlb/oakland-athletics-pittsburgh-pirates-202306051905,U,BASE,2023-06-05 23:05:00,False,True,NO,True,24736,,35,1685941414014,Pittsburgh Pirates,True,Oakland Athletics,False,1.5,-120,-1.5,EVEN,+161,-196,8.5,-115,8.5,-105,,2023-06-05 18:05:00-05:00,2023-06-05,06:05 PM,OAK Athletics,Pittsburgh Pirates,06052023-OAK Athletics-Pittsburgh Pirates,OAK Athletics,PIT Pirates,+1.5,-1.5,0.03,0.97,0.11,0.89,8.5,8.5,0.72,0.28,0.53,0.47,+160,-190,0.08,0.92,0.12,0.88,2023-06-05 00:00:00,MLB,OAK Athletics,Pittsburgh Pirates,2023-06-05 14:05:00,Oakland Athletics,32.5%,Pittsburgh Pirates,67.5%,OAK Athletics,Pittsburgh Pirates,Baseball,-1,-1,1
3,11846598,Houston Astros @ Toronto Blue Jays,GAMEEVENT,/baseball/mlb/houston-astros-toronto-blue-jays-202306051907,U,BASE,2023-06-05 23:07:00,False,True,NO,True,24736,,35,1685941457636,Toronto Blue Jays,True,Houston Astros,False,1.5,-165,-1.5,+140,+108,-130,10.0,-110,10.0,-110,,2023-06-05 18:07:00-05:00,2023-06-05,06:07 PM,Houston Astros,Toronto Blue Jays,06052023-Houston Astros-Toronto Blue Jays,HOU Astros,TOR Blue Jays,+1.5,-1.5,0.58,0.42,0.64,0.36,10,10,0.8,0.2,0.5,0.5,+110,-130,0.75,0.25,0.6,0.4,2023-06-05 00:00:00,MLB,Houston Astros,Toronto Blue Jays,2023-06-05 14:07:00,Houston Astros,47.8%,Toronto Blue Jays,52.2%,Houston Astros,Toronto Blue Jays,Baseball,1,1,2
4,11846604,Milwaukee Brewers @ Cincinnati Reds,GAMEEVENT,/baseball/mlb/milwaukee-brewers-cincinnati-reds-202306051910,U,BASE,2023-06-05 23:10:00,False,True,NO,True,24736,,35,1685942082796,Cincinnati Reds,True,Milwaukee Brewers,False,1.5,-195,-1.5,+165,-110,-110,9.5,-115,9.5,-105,,2023-06-05 18:10:00-05:00,2023-06-05,06:10 PM,Milwaukee Brewers,Cincinnati Reds,06052023-Milwaukee Brewers-Cincinnati Reds,MIL Brewers,CIN Reds,-1.5,+1.5,0.8,0.2,0.53,0.47,9.5,9.5,0.53,0.47,0.44,0.56,-105,-115,0.45,0.55,0.63,0.37,2023-06-05 00:00:00,MLB,Milwaukee Brewers,Cincinnati Reds,2023-06-05 14:10:00,Milwaukee Brewers,44.6%,Cincinnati Reds,55.4%,Milwaukee Brewers,Cincinnati Reds,Baseball,1,-2,2
5,11846602,St. Louis Cardinals @ Texas Rangers,GAMEEVENT,/baseball/mlb/st-louis-cardinals-texas-rangers-202306052005,U,BASE,2023-06-06 00:05:00,False,True,NO,True,24736,,35,1685941776496,Texas Rangers,True,St. Louis Cardinals,False,1.5,-150,-1.5,+130,+117,-140,9.5,-120,9.5,EVEN,,2023-06-05 19:05:00-05:00,2023-06-05,07:05 PM,St. Louis Cardinals,Texas Rangers,06052023-St. Louis Cardinals-Texas Rangers,STL Cardinals,TEX Rangers,+1.5,-1.5,0.15,0.85,0.23,0.77,9.5,9.5,0.94,0.06,0.6,0.4,+110,-130,0.11,0.89,0.25,0.75,2023-06-05 00:00:00,MLB,St. Louis Cardinals,Texas Rangers,2023-06-05 15:05:00,St. Louis Cardinals,32.5%,Texas Rangers,67.5%,St. Louis Cardinals,Texas Rangers,Baseball,-1,-1,1
6,11846594,Chicago Cubs @ San Diego Padres,GAMEEVENT,/baseball/mlb/chicago-cubs-san-diego-padres-202306052110,U,BASE,2023-06-06 01:10:00,False,True,NO,True,24736,,36,1685942081870,San Diego Padres,True,Chicago Cubs,False,1.5,-140,-1.5,+120,+148,-180,8.5,-115,8.5,-105,,2023-06-05 20:10:00-05:00,2023-06-05,08:10 PM,Chicago Cubs,San Diego Padres,06052023-Chicago Cubs-San Diego Padres,CHI Cubs,SD Padres,+1.5,-1.5,0.28,0.72,0.33,0.67,8.5,8.5,0.88,0.12,0.52,0.48,+145,-170,0.4,0.6,0.29,0.71,2023-06-05 00:00:00,MLB,Chicago Cubs,San Diego Padres,2023-06-05 16:10:00,Chicago Cubs,34.6%,San Diego Padres,65.4%,Chicago Cubs,San Diego Padres,Baseball,-1,-1,1
7,12007212,Florida Panthers @ Vegas Golden Knights,GAMEEVENT,/hockey/nhl/florida-panthers-vegas-golden-knights-202306052010,U,HCKY,2023-06-06 00:10:00,False,True,NO,True,23142,Stanley Cup Finals Game #2 - VGK leads series 1-0,93,1685940680429,Vegas Golden Knights,True,Florida Panthers,False,1.5,-230,-1.5,+190,+120,-140,5.5,-125,5.5,+105,,2023-06-05 19:10:00-05:00,2023-06-05,07:10 PM,Florida Panthers,Vegas Golden Knights,06052023-Florida Panthers-Vegas Golden Knights,FLA Panthers,VGK Golden Knights,+1.5,-1.5,0.19,0.81,0.36,0.64,5.5,5.5,0.83,0.17,0.77,0.23,+115,-135,0.55,0.45,0.49,0.51,2023-06-05 00:00:00,NHL,Florida Panthers,Vegas Golden Knights,2023-06-05 15:00:00,Florida Panthers,,Vegas Golden Knights,,Florida Panthers,Vegas Golden Knights,Hockey,-1,2,1
8,12027921,Bohumil Vozicky vs Frantisek Kanta,GAMEEVENT,/table-tennis/czech-republic/liga-pro/bohumil-vozicky-frantisek-kanta-202306050200,U,TABL,2023-06-05 06:00:00,False,False,NO,True,9971644,,1,1685889877105,Bohumil Vozicky,True,Frantisek Kanta,False,,,,,-350,+230,,,,,,2023-06-05 01:00:00-05:00,2023-06-05,01:00 AM,Frantisek Kanta,Bohumil Vozicky,06052023-Frantisek Kanta-Bohumil Vozicky,,,,,,,,,,,,,,,,,,,,,,,,,,,,,,,,Table Tennis,0,0,0
9,12027919,Jiri Reczai vs Jiri Machart,GAMEEVENT,/table-tennis/czech-republic/liga-pro/jiri-reczai-jiri-machart-202306050200,U,TABL,2023-06-05 06:00:00,False,False,NO,True,9971644,,1,1685889877239,Jiri Reczai,True,Jiri Machart,False,,,,,+120,-170,,,,,,2023-06-05 01:00:00-05:00,2023-06-05,01:00 AM,Jiri Machart,Jiri Reczai,06052023-Jiri Machart-Jiri Reczai,,,,,,,,,,,,,,,,,,,,,,,,,,,,,,,,Table Tennis,0,0,0
10,12027933,Oldrich Vrtal vs Radim Urbaniec,GAMEEVENT,/table-tennis/czech-republic/liga-pro/oldrich-vrtal-radim-urbaniec-202306050200,U,TABL,2023-06-05 06:00:00,False,False,NO,True,9971644,,4,1685891214402,Oldrich Vrtal,True,Radim Urbaniec,False,,,,,-170,+120,,,,,,2023-06-05 01:00:00-05:00,2023-06-05,01:00 AM,Radim Urbaniec,Oldrich Vrtal,06052023-Radim Urbaniec-Oldrich Vrtal,,,,,,,,,,,,,,,,,,,,,,,,,,,,,,,,Table Tennis,0,0,0
11,12027903,Patrik Pycha vs Lukas Tonar,GAMEEVENT,/table-tennis/czech-republic/liga-pro/patrik-pycha-lukas-tonar-202306050200,U,TABL,2023-06-05 06:00:00,False,False,NO,True,9971644,,1,1685889877274,Patrik Pycha,True,Lukas Tonar,False,,,,,-255,+175,,,,,,2023-06-05 01:00:00-05:00,2023-06-05,01:00 AM,Lukas Tonar,Patrik Pycha,06052023-Lukas Tonar-Patrik Pycha,,,,,,,,,,,,,,,,,,,,,,,,,,,,,,,,Table Tennis,0,0,0
12,12027932,David Stepanek vs Tomas Demek,GAMEEVENT,/table-tennis/czech-republic/liga-pro/david-stepanek-tomas-demek-202306050230,U,TABL,2023-06-05 06:30:00,False,False,NO,True,9971644,,4,1685891214410,David Stepanek,True,Tomas Demek,False,,,,,-230,+160,,,,,,2023-06-05 01:30:00-05:00,2023-06-05,01:30 AM,Tomas Demek,David Stepanek,06052023-Tomas Demek-David Stepanek,,,,,,,,,,,,,,,,,,,,,,,,,,,,,,,,Table Tennis,0,0,0
13,12027934,David Szotek vs Roman Hudeczek,GAMEEVENT,/table-tennis/czech-republic/liga-pro/david-szotek-roman-hudeczek-202306050230,U,TABL,2023-06-05 06:30:00,False,False,NO,True,9971644,,4,1685891064251,David Szotek,True,Roman Hudeczek,False,,,,,-140,EVEN,,,,,,2023-06-05 01:30:00-05:00,2023-06-05,01:30 AM,Roman Hudeczek,David Szotek,06052023-Roman Hudeczek-David Szotek,,,,,,,,,,,,,,,,,,,,,,,,,,,,,,,,Table Tennis,0,0,0
14,12027913,Ladislav Novotny vs Petr Monik,GAMEEVENT,/table-tennis/czech-republic/liga-pro/ladislav-novotny-petr-monik-202306050230,U,TABL,2023-06-05 06:30:00,False,False,NO,True,9971644,,11,1685912904747,Ladislav Novotny,True,Petr Monik,False,,,,,-290,+195,73.5,-120,73.5,-120,,2023-06-05 01:30:00-05:00,2023-06-05,01:30 AM,Petr Monik,Ladislav Novotny,06052023-Petr Monik-Ladislav Novotny,,,,,,,,,,,,,,,,,,,,,,,,,,,,,,,,Table Tennis,0,0,0
15,12027908,Martin Sobisek vs Vladimir Havlicek,GAMEEVENT,/table-tennis/czech-republic/liga-pro/martin-sobisek-vladimir-havlicek-202306050230,U,TABL,2023-06-05 06:30:00,False,False,NO,True,9971644,,15,1685931341722,Martin Sobisek,True,Vladimir Havlicek,False,-5.5,-115,5.5,-125,-245,+170,74.5,-120,74.5,-120,,2023-06-05 01:30:00-05:00,2023-06-05,01:30 AM,Vladimir Havlicek,Martin Sobisek,06052023-Vladimir Havlicek-Martin Sobisek,,,,,,,,,,,,,,,,,,,,,,,,,,,,,,,,Table Tennis,0,0,0
16,12027927,Frantisek Kanta vs David Stepanek,GAMEEVENT,/table-tennis/czech-republic/liga-pro/frantisek-kanta-david-stepanek-202306050300,U,TABL,2023-06-05 07:00:00,False,False,NO,True,9971644,,1,1685889887885,Frantisek Kanta,True,David Stepanek,False,,,,,+230,-350,,,,,,2023-06-05 02:00:00-05:00,2023-06-05,02:00 AM,David Stepanek,Frantisek Kanta,06052023-David Stepanek-Frantisek Kanta,,,,,,,,,,,,,,,,,,,,,,,,,,,,,,,,Table Tennis,0,0,0
17,12027912,Jiri Machart vs Ladislav Novotny,GAMEEVENT,/table-tennis/czech-republic/liga-pro/jiri-machart-ladislav-novotny-202306050300,U,TABL,2023-06-05 07:00:00,False,False,NO,True,9971644,,1,1685889887903,Jiri Machart,True,Ladislav Novotny,False,,,,,-120,-120,,,,,,2023-06-05 02:00:00-05:00,2023-06-05,02:00 AM,Ladislav Novotny,Jiri Machart,06052023-Ladislav Novotny-Jiri Machart,,,,,,,,,,,,,,,,,,,,,,,,,,,,,,,,Table Tennis,0,0,0
18,12027914,Lukas Tonar vs Martin Sobisek,GAMEEVENT,/table-tennis/czech-republic/liga-pro/lukas-tonar-martin-sobisek-202306050300,U,TABL,2023-06-05 07:00:00,False,False,NO,True,9971644,,4,1685891234434,Lukas Tonar,True,Martin Sobisek,False,,,,,-180,+125,,,,,,2023-06-05 02:00:00-05:00,2023-06-05,02:00 AM,Martin Sobisek,Lukas Tonar,06052023-Martin Sobisek-Lukas Tonar,,,,,,,,,,,,,,,,,,,,,,,,,,,,,,,,Table Tennis,0,0,0
19,12027931,Radim Urbaniec vs David Szotek,GAMEEVENT,/table-tennis/czech-republic/liga-pro/radim-urbaniec-david-szotek-202306050300,U,TABL,2023-06-05 07:00:00,False,False,NO,True,9971644,,4,1685891084278,Radim Urbaniec,True,David Szotek,False,,,,,-120,-120,,,,,,2023-06-05 02:00:00-05:00,2023-06-05,02:00 AM,David Szotek,Radim Urbaniec,06052023-David Szotek-Radim Urbaniec,,,,,,,,,,,,,,,,,,,,,,,,,,,,,,,,Table Tennis,0,0,0
20,12027917,Petr Monik vs Jiri Reczai,GAMEEVENT,/table-tennis/czech-republic/liga-pro/petr-monik-jiri-reczai-202306050330,U,TABL,2023-06-05 07:30:00,False,False,NO,True,9971644,,1,1685889895728,Petr Monik,True,Jiri Reczai,False,,,,,+210,-315,,,,,,2023-06-05 02:30:00-05:00,2023-06-05,02:30 AM,Jiri Reczai,Petr Monik,06052023-Jiri Reczai-Petr Monik,,,,,,,,,,,,,,,,,,,,,,,,,,,,,,,,Table Tennis,0,0,0
21,12027935,Roman Hudeczek vs Oldrich Vrtal,GAMEEVENT,/table-tennis/czech-republic/liga-pro/roman-hudeczek-oldrich-vrtal-202306050330,U,TABL,2023-06-05 07:30:00,False,False,NO,True,9971644,,1,1685889895748,Roman Hudeczek,True,Oldrich Vrtal,False,,,,,+175,-255,,,,,,2023-06-05 02:30:00-05:00,2023-06-05,02:30 AM,Oldrich Vrtal,Roman Hudeczek,06052023-Oldrich Vrtal-Roman Hudeczek,,,,,,,,,,,,,,,,,,,,,,,,,,,,,,,,Table Tennis,0,0,0
22,12027926,Tomas Demek vs Bohumil Vozicky,GAMEEVENT,/table-tennis/czech-republic/liga-pro/tomas-demek-bohumil-vozicky-202306050330,U,TABL,2023-06-05 07:30:00,False,False,NO,True,9971644,,1,1685889895767,Tomas Demek,True,Bohumil Vozicky,False,,,,,+260,-410,,,,,,2023-06-05 02:30:00-05:00,2023-06-05,02:30 AM,Bohumil Vozicky,Tomas Demek,06052023-Bohumil Vozicky-Tomas Demek,,,,,,,,,,,,,,,,,,,,,,,,,,,,,,,,Table Tennis,0,0,0
23,12027907,Vladimir Havlicek vs Patrik Pycha,GAMEEVENT,/table-tennis/czech-republic/liga-pro/vladimir-havlicek-patrik-pycha-202306050330,U,TABL,2023-06-05 07:30:00,False,False,NO,True,9971644,,15,1685898846535,Vladimir Havlicek,True,Patrik Pycha,False,1.5,-120,-1.5,-120,EVEN,-140,75.5,-120,75.5,-120,,2023-06-05 02:30:00-05:00,2023-06-05,02:30 AM,Patrik Pycha,Vladimir Havlicek,06052023-Patrik Pycha-Vladimir Havlicek,,,,,,,,,,,,,,,,,,,,,,,,,,,,,,,,Table Tennis,0,0,0
24,12027925,Bohumil Vozicky vs David Stepanek,GAMEEVENT,/table-tennis/czech-republic/liga-pro/bohumil-vozicky-david-stepanek-202306050400,U,TABL,2023-06-05 08:00:00,False,False,NO,True,9971644,,1,1685889895803,Bohumil Vozicky,True,David Stepanek,False,,,,,-525,+325,,,,,,2023-06-05 03:00:00-05:00,2023-06-05,03:00 AM,David Stepanek,Bohumil Vozicky,06052023-David Stepanek-Bohumil Vozicky,,,,,,,,,,,,,,,,,,,,,,,,,,,,,,,,Table Tennis,0,0,0
25,12027918,Jiri Reczai vs Ladislav Novotny,GAMEEVENT,/table-tennis/czech-republic/liga-pro/jiri-reczai-ladislav-novotny-202306050400,U,TABL,2023-06-05 08:00:00,False,False,NO,True,9971644,,1,1685889895820,Jiri Reczai,True,Ladislav Novotny,False,,,,,-155,+110,,,,,,2023-06-05 03:00:00-05:00,2023-06-05,03:00 AM,Ladislav Novotny,Jiri Reczai,06052023-Ladislav Novotny-Jiri Reczai,,,,,,,,,,,,,,,,,,,,,,,,,,,,,,,,Table Tennis,0,0,0
26,12027936,Oldrich Vrtal vs David Szotek,GAMEEVENT,/table-tennis/czech-republic/liga-pro/oldrich-vrtal-david-szotek-202306050400,U,TABL,2023-06-05 08:00:00,False,False,NO,True,9971644,,1,1685889895837,Oldrich Vrtal,True,David Szotek,False,,,,,+110,-155,,,,,,2023-06-05 03:00:00-05:00,2023-06-05,03:00 AM,David Szotek,Oldrich Vrtal,06052023-David Szotek-Oldrich Vrtal,,,,,,,,,,,,,,,,,,,,,,,,,,,,,,,,Table Tennis,0,0,0
27,12027911,Patrik Pycha vs Martin Sobisek,GAMEEVENT,/table-tennis/czech-republic/liga-pro/patrik-pycha-martin-sobisek-202306050400,U,TABL,2023-06-05 08:00:00,False,False,NO,True,9971644,,1,1685889895854,Patrik Pycha,True,Martin Sobisek,False,,,,,-120,-120,,,,,,2023-06-05 03:00:00-05:00,2023-06-05,03:00 AM,Martin Sobisek,Patrik Pycha,06052023-Martin Sobisek-Patrik Pycha,,,,,,,,,,,,,,,,,,,,,,,,,,,,,,,,Table Tennis,0,0,0
28,12027929,Frantisek Kanta vs Tomas Demek,GAMEEVENT,/table-tennis/czech-republic/liga-pro/frantisek-kanta-tomas-demek-202306050430,U,TABL,2023-06-05 08:30:00,False,False,NO,True,9971644,,1,1685889895974,Frantisek Kanta,True,Tomas Demek,False,,,,,-140,EVEN,,,,,,2023-06-05 03:30:00-05:00,2023-06-05,03:30 AM,Tomas Demek,Frantisek Kanta,06052023-Tomas Demek-Frantisek Kanta,,,,,,,,,,,,,,,,,,,,,,,,,,,,,,,,Table Tennis,0,0,0
29,12027923,Jiri Machart vs Petr Monik,GAMEEVENT,/table-tennis/czech-republic/liga-pro/jiri-machart-petr-monik-202306050430,U,TABL,2023-06-05 08:30:00,False,False,NO,True,9971644,,1,1685889904668,Jiri Machart,True,Petr Monik,False,,,,,-155,+110,,,,,,2023-06-05 03:30:00-05:00,2023-06-05,03:30 AM,Petr Monik,Jiri Machart,06052023-Petr Monik-Jiri Machart,,,,,,,,,,,,,,,,,,,,,,,,,,,,,,,,Table Tennis,0,0,0
30,12027909,Lukas Tonar vs Vladimir Havlicek,GAMEEVENT,/table-tennis/czech-republic/liga-pro/lukas-tonar-vladimir-havlicek-202306050430,U,TABL,2023-06-05 08:30:00,False,False,NO,True,9971644,,1,1685889904685,Lukas Tonar,True,Vladimir Havlicek,False,,,,,-180,+125,,,,,,2023-06-05 03:30:00-05:00,2023-06-05,03:30 AM,Vladimir Havlicek,Lukas Tonar,06052023-Vladimir Havlicek-Lukas Tonar,,,,,,,,,,,,,,,,,,,,,,,,,,,,,,,,Table Tennis,0,0,0
31,12027937,Radim Urbaniec vs Roman Hudeczek,GAMEEVENT,/table-tennis/czech-republic/liga-pro/radim-urbaniec-roman-hudeczek-202306050430,U,TABL,2023-06-05 08:30:00,False,False,NO,True,9971644,,4,1685891254464,Radim Urbaniec,True,Roman Hudeczek,False,,,,,+125,-180,,,,,,2023-06-05 03:30:00-05:00,2023-06-05,03:30 AM,Roman Hudeczek,Radim Urbaniec,06052023-Roman Hudeczek-Radim Urbaniec,,,,,,,,,,,,,,,,,,,,,,,,,,,,,,,,Table Tennis,0,0,0
32,12027951,Jan Lovl vs Radek Fnukal,GAMEEVENT,/table-tennis/czech-republic/liga-pro/jan-lovl-radek-fnukal-202306050600,U,TABL,2023-06-05 10:00:00,False,False,NO,True,9971644,,1,1685889904853,Jan Lovl,True,Radek Fnukal,False,,,,,-120,-120,,,,,,2023-06-05 05:00:00-05:00,2023-06-05,05:00 AM,Radek Fnukal,Jan Lovl,06052023-Radek Fnukal-Jan Lovl,,,,,,,,,,,,,,,,,,,,,,,,,,,,,,,,Table Tennis,0,0,0
33,12027942,Jan Sucharda vs Jiri Pozarsky,GAMEEVENT,/table-tennis/czech-republic/liga-pro/jan-sucharda-jiri-pozarsky-202306050600,U,TABL,2023-06-05 10:00:00,False,False,NO,True,9971644,,4,1685891114312,Jan Sucharda,True,Jiri Pozarsky,False,,,,,-205,+145,,,,,,2023-06-05 05:00:00-05:00,2023-06-05,05:00 AM,Jiri Pozarsky,Jan Sucharda,06052023-Jiri Pozarsky-Jan Sucharda,,,,,,,,,,,,,,,,,,,,,,,,,,,,,,,,Table Tennis,0,0,0
34,12027946,Jan Varcl Snr vs Jaroslav Strnad,GAMEEVENT,/table-tennis/czech-republic/liga-pro/jan-varcl-snr-jaroslav-strnad-202306050600,U,TABL,2023-06-05 10:00:00,False,False,NO,True,9971644,,4,1685890884042,Jan Varcl Snr,True,Jaroslav Strnad,False,,,,,+125,-180,,,,,,2023-06-05 05:00:00-05:00,2023-06-05,05:00 AM,Jaroslav Strnad,Jan Varcl Snr,06052023-Jaroslav Strnad-Jan Varcl Snr,,,,,,,,,,,,,,,,,,,,,,,,,,,,,,,,Table Tennis,0,0,0
35,12027998,Martin Pavliska vs Richard Macura,GAMEEVENT,/table-tennis/czech-republic/liga-pro/martin-pavliska-richard-macura-202306050600,U,TABL,2023-06-05 10:00:00,False,False,NO,True,9971644,,1,1685889904902,Martin Pavliska,True,Richard Macura,False,,,,,-120,-120,,,,,,2023-06-05 05:00:00-05:00,2023-06-05,05:00 AM,Richard Macura,Martin Pavliska,06052023-Richard Macura-Martin Pavliska,,,,,,,,,,,,,,,,,,,,,,,,,,,,,,,,Table Tennis,0,0,0
36,12027987,Cesta Havrda vs Martin Nypl,GAMEEVENT,/table-tennis/czech-republic/liga-pro/cesta-havrda-martin-nypl-202306050630,U,TABL,2023-06-05 10:30:00,False,False,NO,True,9971644,,1,1685889913605,Cesta Havrda,True,Martin Nypl,False,,,,,-360,+235,,,,,,2023-06-05 05:30:00-05:00,2023-06-05,05:30 AM,Martin Nypl,Cesta Havrda,06052023-Martin Nypl-Cesta Havrda,,,,,,,,,,,,,,,,,,,,,,,,,,,,,,,,Table Tennis,0,0,0
37,12028011,Filip Dusil vs Jan Manhal Jnr,GAMEEVENT,/table-tennis/czech-republic/liga-pro/filip-dusil-jan-manhal-jnr-202306050630,U,TABL,2023-06-05 10:30:00,False,False,NO,True,9971644,,1,1685889913624,Filip Dusil,True,Jan Manhal Jnr,False,,,,,-290,+195,,,,,,2023-06-05 05:30:00-05:00,2023-06-05,05:30 AM,Jan Manhal Jnr,Filip Dusil,06052023-Jan Manhal Jnr-Filip Dusil,,,,,,,,,,,,,,,,,,,,,,,,,,,,,,,,Table Tennis,0,0,0
38,12028029,Jaroslav Schwan vs Lukas Kantor,GAMEEVENT,/table-tennis/czech-republic/liga-pro/jaroslav-schwan-lukas-kantor-202306050630,U,TABL,2023-06-05 10:30:00,False,False,NO,True,9971644,,1,1685889913642,Jaroslav Schwan,True,Lukas Kantor,False,,,,,-140,EVEN,,,,,,2023-06-05 05:30:00-05:00,2023-06-05,05:30 AM,Lukas Kantor,Jaroslav Schwan,06052023-Lukas Kantor-Jaroslav Schwan,,,,,,,,,,,,,,,,,,,,,,,,,,,,,,,,Table Tennis,0,0,0
39,12028035,Jaroslav Strnad vs Cesta Havrda,GAMEEVENT,/table-tennis/czech-republic/liga-pro/jaroslav-strnad-cesta-havrda-202306050700,U,TABL,2023-06-05 11:00:00,False,False,NO,True,9971644,,1,1685889913776,Jaroslav Strnad,True,Cesta Havrda,False,,,,,+235,-360,,,,,,2023-06-05 06:00:00-05:00,2023-06-05,06:00 AM,Cesta Havrda,Jaroslav Strnad,06052023-Cesta Havrda-Jaroslav Strnad,,,,,,,,,,,,,,,,,,,,,,,,,,,,,,,,Table Tennis,0,0,0
40,12027941,Jiri Pozarsky vs Patrik Pycha,GAMEEVENT,/table-tennis/czech-republic/liga-pro/jiri-pozarsky-patrik-pycha-202306050700,U,TABL,2023-06-05 11:00:00,False,False,NO,True,9971644,,1,1685889913794,Jiri Pozarsky,True,Patrik Pycha,False,,,,,+325,-525,,,,,,2023-06-05 06:00:00-05:00,2023-06-05,06:00 AM,Patrik Pycha,Jiri Pozarsky,06052023-Patrik Pycha-Jiri Pozarsky,,,,,,,,,,,,,,,,,,,,,,,,,,,,,,,,Table Tennis,0,0,0
41,12028046,Radek Fnukal vs Filip Dusil,GAMEEVENT,/table-tennis/czech-republic/liga-pro/radek-fnukal-filip-dusil-202306050700,U,TABL,2023-06-05 11:00:00,False,False,NO,True,9971644,,1,1685890119585,Radek Fnukal,True,Filip Dusil,False,,,,,+125,-180,,,,,,2023-06-05 06:00:00-05:00,2023-06-05,06:00 AM,Filip Dusil,Radek Fnukal,06052023-Filip Dusil-Radek Fnukal,,,,,,,,,,,,,,,,,,,,,,,,,,,,,,,,Table Tennis,0,0,0
42,12028084,Richard Macura vs Jaroslav Schwan,GAMEEVENT,/table-tennis/czech-republic/liga-pro/richard-macura-jaroslav-schwan-202306050700,U,TABL,2023-06-05 11:00:00,False,False,NO,True,9971644,,15,1685893240625,Richard Macura,True,Jaroslav Schwan,False,2.5,-120,-2.5,-120,+110,-155,75.5,-120,75.5,-120,,2023-06-05 06:00:00-05:00,2023-06-05,06:00 AM,Jaroslav Schwan,Richard Macura,06052023-Jaroslav Schwan-Richard Macura,,,,,,,,,,,,,,,,,,,,,,,,,,,,,,,,Table Tennis,0,0,0
43,12028083,Jan Manhal Jnr vs Jan Lovl,GAMEEVENT,/table-tennis/czech-republic/liga-pro/jan-manhal-jnr-jan-lovl-202306050730,U,TABL,2023-06-05 11:30:00,False,False,NO,True,9971644,,15,1685893240758,Jan Manhal Jnr,True,Jan Lovl,False,-5.5,-125,5.5,-115,-255,+175,73.5,-120,73.5,-120,,2023-06-05 06:30:00-05:00,2023-06-05,06:30 AM,Jan Lovl,Jan Manhal Jnr,06052023-Jan Lovl-Jan Manhal Jnr,,,,,,,,,,,,,,,,,,,,,,,,,,,,,,,,Table Tennis,0,0,0
44,12028071,Lukas Kantor vs Martin Pavliska,GAMEEVENT,/table-tennis/czech-republic/liga-pro/lukas-kantor-martin-pavliska-202306050730,U,TABL,2023-06-05 11:30:00,False,False,NO,True,9971644,,15,1685893240867,Lukas Kantor,True,Martin Pavliska,False,0.5,-125,-0.5,-115,-120,-120,75.5,-120,75.5,-120,,2023-06-05 06:30:00-05:00,2023-06-05,06:30 AM,Martin Pavliska,Lukas Kantor,06052023-Martin Pavliska-Lukas Kantor,,,,,,,,,,,,,,,,,,,,,,,,,,,,,,,,Table Tennis,0,0,0
45,12028087,Martin Nypl vs Jan Varcl Snr,GAMEEVENT,/table-tennis/czech-republic/liga-pro/martin-nypl-jan-varcl-snr-202306050730,U,TABL,2023-06-05 11:30:00,False,False,NO,True,9971644,,15,1685898423501,Martin Nypl,True,Jan Varcl Snr,False,6.5,-120,-6.5,-120,+195,-290,73.5,-120,73.5,-120,,2023-06-05 06:30:00-05:00,2023-06-05,06:30 AM,Jan Varcl Snr,Martin Nypl,06052023-Jan Varcl Snr-Martin Nypl,,,,,,,,,,,,,,,,,,,,,,,,,,,,,,,,Table Tennis,0,0,0
46,12028200,Martin Sobisek vs Jan Sucharda,GAMEEVENT,/table-tennis/czech-republic/liga-pro/martin-sobisek-jan-sucharda-202306050730,U,TABL,2023-06-05 11:30:00,False,False,NO,True,9971644,,15,1685893241073,Martin Sobisek,True,Jan Sucharda,False,1.5,-120,-1.5,-120,EVEN,-140,75.5,-120,75.5,-120,,2023-06-05 06:30:00-05:00,2023-06-05,06:30 AM,Jan Sucharda,Martin Sobisek,06052023-Jan Sucharda-Martin Sobisek,,,,,,,,,,,,,,,,,,,,,,,,,,,,,,,,Table Tennis,0,0,0
47,12028201,Jan Lovl vs Filip Dusil,GAMEEVENT,/table-tennis/czech-republic/liga-pro/jan-lovl-filip-dusil-202306050800,U,TABL,2023-06-05 12:00:00,False,False,NO,True,9971644,,15,1685893241191,Jan Lovl,True,Filip Dusil,False,0.5,-125,-0.5,-115,-120,-120,75.5,-120,75.5,-120,,2023-06-05 07:00:00-05:00,2023-06-05,07:00 AM,Filip Dusil,Jan Lovl,06052023-Filip Dusil-Jan Lovl,,,,,,,,,,,,,,,,,,,,,,,,,,,,,,,,Table Tennis,0,0,0
48,12028203,Jan Sucharda vs Patrik Pycha,GAMEEVENT,/table-tennis/czech-republic/liga-pro/jan-sucharda-patrik-pycha-202306050800,U,TABL,2023-06-05 12:00:00,False,False,NO,True,9971644,,15,1685893241296,Jan Sucharda,True,Patrik Pycha,False,-4.5,-120,4.5,-120,-205,+145,74.5,-120,74.5,-120,,2023-06-05 07:00:00-05:00,2023-06-05,07:00 AM,Patrik Pycha,Jan Sucharda,06052023-Patrik Pycha-Jan Sucharda,,,,,,,,,,,,,,,,,,,,,,,,,,,,,,,,Table Tennis,0,0,0
49,12028211,Jan Varcl Snr vs Cesta Havrda,GAMEEVENT,/table-tennis/czech-republic/liga-pro/jan-varcl-snr-cesta-havrda-202306050800,U,TABL,2023-06-05 12:00:00,False,False,NO,True,9971644,,4,1685893241333,Jan Varcl Snr,True,Cesta Havrda,False,,,,,-180,+125,,,,,,2023-06-05 07:00:00-05:00,2023-06-05,07:00 AM,Cesta Havrda,Jan Varcl Snr,06052023-Cesta Havrda-Jan Varcl Snr,,,,,,,,,,,,,,,,,,,,,,,,,,,,,,,,Table Tennis,0,0,0
50,12028251,Martin Pavliska vs Jaroslav Schwan,GAMEEVENT,/table-tennis/czech-republic/liga-pro/martin-pavliska-jaroslav-schwan-202306050800,U,TABL,2023-06-05 12:00:00,False,False,NO,True,9971644,,4,1685903589407,Martin Pavliska,True,Jaroslav Schwan,False,,,,,-170,+120,,,,,,2023-06-05 07:00:00-05:00,2023-06-05,07:00 AM,Jaroslav Schwan,Martin Pavliska,06052023-Jaroslav Schwan-Martin Pavliska,,,,,,,,,,,,,,,,,,,,,,,,,,,,,,,,Table Tennis,0,0,0
51,12028262,Jaroslav Strnad vs Martin Nypl,GAMEEVENT,/table-tennis/czech-republic/liga-pro/jaroslav-strnad-martin-nypl-202306050830,U,TABL,2023-06-05 12:30:00,False,False,NO,True,9971644,,15,1685903589571,Jaroslav Strnad,True,Martin Nypl,False,-7.5,-120,7.5,-120,-350,+230,72.5,-120,72.5,-120,,2023-06-05 07:30:00-05:00,2023-06-05,07:30 AM,Martin Nypl,Jaroslav Strnad,06052023-Martin Nypl-Jaroslav Strnad,,,,,,,,,,,,,,,,,,,,,,,,,,,,,,,,Table Tennis,0,0,0
52,12028255,Jiri Pozarsky vs Martin Sobisek,GAMEEVENT,/table-tennis/czech-republic/liga-pro/jiri-pozarsky-martin-sobisek-202306050830,U,TABL,2023-06-05 12:30:00,False,False,NO,True,9971644,,4,1685903589612,Jiri Pozarsky,True,Martin Sobisek,False,,,,,+175,-255,,,,,,2023-06-05 07:30:00-05:00,2023-06-05,07:30 AM,Martin Sobisek,Jiri Pozarsky,06052023-Martin Sobisek-Jiri Pozarsky,,,,,,,,,,,,,,,,,,,,,,,,,,,,,,,,Table Tennis,0,0,0
53,12028258,Radek Fnukal vs Jan Manhal Jnr,GAMEEVENT,/table-tennis/czech-republic/liga-pro/radek-fnukal-jan-manhal-jnr-202306050830,U,TABL,2023-06-05 12:30:00,False,False,NO,True,9971644,,4,1685930481002,Radek Fnukal,True,Jan Manhal Jnr,False,,,,,-205,+145,,,,,,2023-06-05 07:30:00-05:00,2023-06-05,07:30 AM,Jan Manhal Jnr,Radek Fnukal,06052023-Jan Manhal Jnr-Radek Fnukal,,,,,,,,,,,,,,,,,,,,,,,,,,,,,,,,Table Tennis,0,0,0
54,12028335,Richard Macura vs Lukas Kantor,GAMEEVENT,/table-tennis/czech-republic/liga-pro/richard-macura-lukas-kantor-202306050830,U,TABL,2023-06-05 12:30:00,False,False,NO,True,9971644,,15,1685913828507,Richard Macura,True,Lukas Kantor,False,4.5,-120,-4.5,-120,+145,-205,74.5,-120,74.5,-120,,2023-06-05 07:30:00-05:00,2023-06-05,07:30 AM,Lukas Kantor,Richard Macura,06052023-Lukas Kantor-Richard Macura,,,,,,,,,,,,,,,,,,,,,,,,,,,,,,,,Table Tennis,0,0,0
55,12028331,Dominik Lengal vs Radek Krcal,GAMEEVENT,/table-tennis/czech-republic/liga-pro/dominik-lengal-radek-krcal-202306051000,U,TABL,2023-06-05 14:00:00,False,False,NO,True,9971644,,4,1685913828710,Dominik Lengal,True,Radek Krcal,False,,,,,-205,+145,,,,,,2023-06-05 09:00:00-05:00,2023-06-05,09:00 AM,Radek Krcal,Dominik Lengal,06052023-Radek Krcal-Dominik Lengal,,,,,,,,,,,,,,,,,,,,,,,,,,,,,,,,Table Tennis,0,0,0
56,12028337,Filip Sikora vs Jan Dzida,GAMEEVENT,/table-tennis/czech-republic/liga-pro/filip-sikora-jan-dzida-202306051000,U,TABL,2023-06-05 14:00:00,False,False,NO,True,9971644,,4,1685913828742,Filip Sikora,True,Jan Dzida,False,,,,,-230,+160,,,,,,2023-06-05 09:00:00-05:00,2023-06-05,09:00 AM,Jan Dzida,Filip Sikora,06052023-Jan Dzida-Filip Sikora,,,,,,,,,,,,,,,,,,,,,,,,,,,,,,,,Table Tennis,0,0,0
57,12028365,Jaroslav Novotny vs Daniel Tuma,GAMEEVENT,/table-tennis/czech-republic/liga-pro/jaroslav-novotny-daniel-tuma-202306051000,U,TABL,2023-06-05 14:00:00,False,False,NO,True,9971644,,15,1685913828839,Jaroslav Novotny,True,Daniel Tuma,False,0.5,-125,-0.5,-115,-120,-120,75.5,-120,75.5,-120,,2023-06-05 09:00:00-05:00,2023-06-05,09:00 AM,Daniel Tuma,Jaroslav Novotny,06052023-Daniel Tuma-Jaroslav Novotny,,,,,,,,,,,,,,,,,,,,,,,,,,,,,,,,Table Tennis,0,0,0
58,12028407,Radek Rose vs Jan Mecl Jnr,GAMEEVENT,/table-tennis/czech-republic/liga-pro/radek-rose-jan-mecl-jnr-202306051000,U,TABL,2023-06-05 14:00:00,False,False,NO,True,9971644,,15,1685913828933,Radek Rose,True,Jan Mecl Jnr,False,-3.5,-120,3.5,-120,-180,+125,74.5,-120,74.5,-120,,2023-06-05 09:00:00-05:00,2023-06-05,09:00 AM,Jan Mecl Jnr,Radek Rose,06052023-Jan Mecl Jnr-Radek Rose,,,,,,,,,,,,,,,,,,,,,,,,,,,,,,,,Table Tennis,0,0,0
59,12028412,Lukas Rygl vs Josef Grill,GAMEEVENT,/table-tennis/czech-republic/liga-pro/lukas-rygl-josef-grill-202306051030,U,TABL,2023-06-05 14:30:00,False,False,NO,True,9971644,,15,1685913829032,Lukas Rygl,True,Josef Grill,False,-2.5,-120,2.5,-120,-155,+110,75.5,-120,75.5,-120,,2023-06-05 09:30:00-05:00,2023-06-05,09:30 AM,Josef Grill,Lukas Rygl,06052023-Josef Grill-Lukas Rygl,,,,,,,,,,,,,,,,,,,,,,,,,,,,,,,,Table Tennis,0,0,0
60,12028414,Michal Zobac vs Filip Karel,GAMEEVENT,/table-tennis/czech-republic/liga-pro/michal-zobac-filip-karel-202306051030,U,TABL,2023-06-05 14:30:00,False,False,NO,True,9971644,,15,1685913829126,Michal Zobac,True,Filip Karel,False,-2.5,-120,2.5,-120,-155,+110,75.5,-120,75.5,-120,,2023-06-05 09:30:00-05:00,2023-06-05,09:30 AM,Filip Karel,Michal Zobac,06052023-Filip Karel-Michal Zobac,,,,,,,,,,,,,,,,,,,,,,,,,,,,,,,,Table Tennis,0,0,0
61,12028424,Rostislav Niezgoda vs Ales Rusnak,GAMEEVENT,/table-tennis/czech-republic/liga-pro/rostislav-niezgoda-ales-rusnak-202306051030,U,TABL,2023-06-05 14:30:00,False,False,NO,True,9971644,,4,1685913829159,Rostislav Niezgoda,True,Ales Rusnak,False,,,,,-120,-120,,,,,,2023-06-05 09:30:00-05:00,2023-06-05,09:30 AM,Ales Rusnak,Rostislav Niezgoda,06052023-Ales Rusnak-Rostislav Niezgoda,,,,,,,,,,,,,,,,,,,,,,,,,,,,,,,,Table Tennis,0,0,0
62,12028593,Rostyslav Kliuchuk vs Michal Jezek,GAMEEVENT,/table-tennis/czech-republic/liga-pro/rostyslav-kliuchuk-michal-jezek-202306051030,U,TABL,2023-06-05 14:30:00,False,False,NO,True,9971644,,4,1685913829191,Rostyslav Kliuchuk,True,Michal Jezek,False,,,,,-120,-120,,,,,,2023-06-05 09:30:00-05:00,2023-06-05,09:30 AM,Michal Jezek,Rostyslav Kliuchuk,06052023-Michal Jezek-Rostyslav Kliuchuk,,,,,,,,,,,,,,,,,,,,,,,,,,,,,,,,Table Tennis,0,0,0
63,12028594,Daniel Tuma vs Lukas Rygl,GAMEEVENT,/table-tennis/czech-republic/liga-pro/daniel-tuma-lukas-rygl-202306051100,U,TABL,2023-06-05 15:00:00,False,False,NO,True,9971644,,15,1685913829298,Daniel Tuma,True,Lukas Rygl,False,-7.5,-115,7.5,-125,-315,+210,72.5,-120,72.5,-120,,2023-06-05 10:00:00-05:00,2023-06-05,10:00 AM,Lukas Rygl,Daniel Tuma,06052023-Lukas Rygl-Daniel Tuma,,,,,,,,,,,,,,,,,,,,,,,,,,,,,,,,Table Tennis,0,0,0
64,12028596,Jan Dzida vs Rostislav Niezgoda,GAMEEVENT,/table-tennis/czech-republic/liga-pro/jan-dzida-rostislav-niezgoda-202306051100,U,TABL,2023-06-05 15:00:00,False,False,NO,True,9971644,,15,1685913829399,Jan Dzida,True,Rostislav Niezgoda,False,0.5,-125,-0.5,-115,-120,-120,75.5,-120,75.5,-120,,2023-06-05 10:00:00-05:00,2023-06-05,10:00 AM,Rostislav Niezgoda,Jan Dzida,06052023-Rostislav Niezgoda-Jan Dzida,,,,,,,,,,,,,,,,,,,,,,,,,,,,,,,,Table Tennis,0,0,0
65,12028608,Jan Mecl Jnr vs Rostyslav Kliuchuk,GAMEEVENT,/table-tennis/czech-republic/liga-pro/jan-mecl-jnr-rostyslav-kliuchuk-202306051100,U,TABL,2023-06-05 15:00:00,False,False,NO,True,9971644,,4,1685913829432,Jan Mecl Jnr,True,Rostyslav Kliuchuk,False,,,,,-120,-120,,,,,,2023-06-05 10:00:00-05:00,2023-06-05,10:00 AM,Rostyslav Kliuchuk,Jan Mecl Jnr,06052023-Rostyslav Kliuchuk-Jan Mecl Jnr,,,,,,,,,,,,,,,,,,,,,,,,,,,,,,,,Table Tennis,0,0,0
66,12028635,Radek Krcal vs Michal Zobac,GAMEEVENT,/table-tennis/czech-republic/liga-pro/radek-krcal-michal-zobac-202306051100,U,TABL,2023-06-05 15:00:00,False,False,NO,True,9971644,,4,1685913829466,Radek Krcal,True,Michal Zobac,False,,,,,+110,-155,,,,,,2023-06-05 10:00:00-05:00,2023-06-05,10:00 AM,Michal Zobac,Radek Krcal,06052023-Michal Zobac-Radek Krcal,,,,,,,,,,,,,,,,,,,,,,,,,,,,,,,,Table Tennis,0,0,0
67,12028638,Ales Rusnak vs Filip Sikora,GAMEEVENT,/table-tennis/czech-republic/liga-pro/ales-rusnak-filip-sikora-202306051130,U,TABL,2023-06-05 15:30:00,False,False,NO,True,9971644,,4,1685913829571,Ales Rusnak,True,Filip Sikora,False,,,,,-120,-120,,,,,,2023-06-05 10:30:00-05:00,2023-06-05,10:30 AM,Filip Sikora,Ales Rusnak,06052023-Filip Sikora-Ales Rusnak,,,,,,,,,,,,,,,,,,,,,,,,,,,,,,,,Table Tennis,0,0,0
68,12028650,Filip Karel vs Dominik Lengal,GAMEEVENT,/table-tennis/czech-republic/liga-pro/filip-karel-dominik-lengal-202306051130,U,TABL,2023-06-05 15:30:00,False,False,NO,True,9971644,,15,1685913829664,Filip Karel,True,Dominik Lengal,False,0.5,-125,-0.5,-115,-120,-120,75.5,-120,75.5,-120,,2023-06-05 10:30:00-05:00,2023-06-05,10:30 AM,Dominik Lengal,Filip Karel,06052023-Dominik Lengal-Filip Karel,,,,,,,,,,,,,,,,,,,,,,,,,,,,,,,,Table Tennis,0,0,0
69,12028655,Josef Grill vs Jaroslav Novotny,GAMEEVENT,/table-tennis/czech-republic/liga-pro/josef-grill-jaroslav-novotny-202306051130,U,TABL,2023-06-05 15:30:00,False,False,NO,True,9971644,,15,1685913829759,Josef Grill,True,Jaroslav Novotny,False,8.5,-125,-8.5,-115,+260,-410,71.5,-120,71.5,-120,,2023-06-05 10:30:00-05:00,2023-06-05,10:30 AM,Jaroslav Novotny,Josef Grill,06052023-Jaroslav Novotny-Josef Grill,,,,,,,,,,,,,,,,,,,,,,,,,,,,,,,,Table Tennis,0,0,0
70,12028672,Michal Jezek vs Radek Rose,GAMEEVENT,/table-tennis/czech-republic/liga-pro/michal-jezek-radek-rose-202306051130,U,TABL,2023-06-05 15:30:00,False,False,NO,True,9971644,,15,1685913829862,Michal Jezek,True,Radek Rose,False,0.5,-125,-0.5,-115,-120,-120,75.5,-120,75.5,-120,,2023-06-05 10:30:00-05:00,2023-06-05,10:30 AM,Radek Rose,Michal Jezek,06052023-Radek Rose-Michal Jezek,,,,,,,,,,,,,,,,,,,,,,,,,,,,,,,,Table Tennis,0,0,0
71,12028687,Dominik Lengal vs Michal Zobac,GAMEEVENT,/table-tennis/czech-republic/liga-pro/dominik-lengal-michal-zobac-202306051200,U,TABL,2023-06-05 16:00:00,False,False,NO,True,9971644,,4,1685913829964,Dominik Lengal,True,Michal Zobac,False,,,,,-205,+145,,,,,,2023-06-05 11:00:00-05:00,2023-06-05,11:00 AM,Michal Zobac,Dominik Lengal,06052023-Michal Zobac-Dominik Lengal,,,,,,,,,,,,,,,,,,,,,,,,,,,,,,,,Table Tennis,0,0,0
72,12028689,Filip Sikora vs Rostislav Niezgoda,GAMEEVENT,/table-tennis/czech-republic/liga-pro/filip-sikora-rostislav-niezgoda-202306051200,U,TABL,2023-06-05 16:00:00,False,False,NO,True,9971644,,4,1685913830001,Filip Sikora,True,Rostislav Niezgoda,False,,,,,-155,+110,,,,,,2023-06-05 11:00:00-05:00,2023-06-05,11:00 AM,Rostislav Niezgoda,Filip Sikora,06052023-Rostislav Niezgoda-Filip Sikora,,,,,,,,,,,,,,,,,,,,,,,,,,,,,,,,Table Tennis,0,0,0
73,12028732,Jaroslav Novotny vs Lukas Rygl,GAMEEVENT,/table-tennis/czech-republic/liga-pro/jaroslav-novotny-lukas-rygl-202306051200,U,TABL,2023-06-05 16:00:00,False,False,NO,True,9971644,,15,1685913830102,Jaroslav Novotny,True,Lukas Rygl,False,0.5,-125,-0.5,-115,-120,-120,75.5,-120,75.5,-120,,2023-06-05 11:00:00-05:00,2023-06-05,11:00 AM,Lukas Rygl,Jaroslav Novotny,06052023-Lukas Rygl-Jaroslav Novotny,,,,,,,,,,,,,,,,,,,,,,,,,,,,,,,,Table Tennis,0,0,0
74,12028764,Radek Rose vs Rostyslav Kliuchuk,GAMEEVENT,/table-tennis/czech-republic/liga-pro/radek-rose-rostyslav-kliuchuk-202306051200,U,TABL,2023-06-05 16:00:00,False,False,NO,True,9971644,,4,1685913830134,Radek Rose,True,Rostyslav Kliuchuk,False,,,,,-140,EVEN,,,,,,2023-06-05 11:00:00-05:00,2023-06-05,11:00 AM,Rostyslav Kliuchuk,Radek Rose,06052023-Rostyslav Kliuchuk-Radek Rose,,,,,,,,,,,,,,,,,,,,,,,,,,,,,,,,Table Tennis,0,0,0
75,12028771,Daniel Tuma vs Josef Grill,GAMEEVENT,/table-tennis/czech-republic/liga-pro/daniel-tuma-josef-grill-202306051230,U,TABL,2023-06-05 16:30:00,False,False,NO,True,9971644,,15,1685913830315,Daniel Tuma,True,Josef Grill,False,3.5,-120,-3.5,-120,+125,-180,74.5,-120,74.5,-120,,2023-06-05 11:30:00-05:00,2023-06-05,11:30 AM,Josef Grill,Daniel Tuma,06052023-Josef Grill-Daniel Tuma,,,,,,,,,,,,,,,,,,,,,,,,,,,,,,,,Table Tennis,0,0,0
76,12028778,Jan Dzida vs Ales Rusnak,GAMEEVENT,/table-tennis/czech-republic/liga-pro/jan-dzida-ales-rusnak-202306051230,U,TABL,2023-06-05 16:30:00,False,False,NO,True,9971644,,4,1685913830355,Jan Dzida,True,Ales Rusnak,False,,,,,+110,-155,,,,,,2023-06-05 11:30:00-05:00,2023-06-05,11:30 AM,Ales Rusnak,Jan Dzida,06052023-Ales Rusnak-Jan Dzida,,,,,,,,,,,,,,,,,,,,,,,,,,,,,,,,Table Tennis,0,0,0
77,12028823,Jan Mecl Jnr vs Michal Jezek,GAMEEVENT,/table-tennis/czech-republic/liga-pro/jan-mecl-jnr-michal-jezek-202306051230,U,TABL,2023-06-05 16:30:00,False,False,NO,True,9971644,,4,1685913830387,Jan Mecl Jnr,True,Michal Jezek,False,,,,,-140,EVEN,,,,,,2023-06-05 11:30:00-05:00,2023-06-05,11:30 AM,Michal Jezek,Jan Mecl Jnr,06052023-Michal Jezek-Jan Mecl Jnr,,,,,,,,,,,,,,,,,,,,,,,,,,,,,,,,Table Tennis,0,0,0
78,12028857,Radek Krcal vs Filip Karel,GAMEEVENT,/table-tennis/czech-republic/liga-pro/radek-krcal-filip-karel-202306051230,U,TABL,2023-06-05 16:30:00,False,False,NO,True,9971644,,15,1685913830532,Radek Krcal,True,Filip Karel,False,1.5,-120,-1.5,-120,EVEN,-140,75.5,-120,75.5,-120,,2023-06-05 11:30:00-05:00,2023-06-05,11:30 AM,Filip Karel,Radek Krcal,06052023-Filip Karel-Radek Krcal,,,,,,,,,,,,,,,,,,,,,,,,,,,,,,,,Table Tennis,0,0,0
79,12028869,Jan Vidourek vs Radek Vranca,GAMEEVENT,/table-tennis/czech-republic/liga-pro/jan-vidourek-radek-vranca-202306051400,U,TABL,2023-06-05 18:00:00,False,False,NO,True,9971644,,15,1685913830806,Jan Vidourek,True,Radek Vranca,False,2.5,-120,-2.5,-120,+110,-155,75.5,-120,75.5,-120,,2023-06-05 13:00:00-05:00,2023-06-05,01:00 PM,Radek Vranca,Jan Vidourek,06052023-Radek Vranca-Jan Vidourek,,,,,,,,,,,,,,,,,,,,,,,,,,,,,,,,Table Tennis,0,0,0
80,12028881,Oskar Spacek vs Matej Pycha,GAMEEVENT,/table-tennis/czech-republic/liga-pro/oskar-spacek-matej-pycha-202306051400,U,TABL,2023-06-05 18:00:00,False,False,NO,True,9971644,,4,1685913830840,Oskar Spacek,True,Matej Pycha,False,,,,,-205,+145,,,,,,2023-06-05 13:00:00-05:00,2023-06-05,01:00 PM,Matej Pycha,Oskar Spacek,06052023-Matej Pycha-Oskar Spacek,,,,,,,,,,,,,,,,,,,,,,,,,,,,,,,,Table Tennis,0,0,0
81,12028975,Pavel Wawrosz vs Petr Vicherek,GAMEEVENT,/table-tennis/czech-republic/liga-pro/pavel-wawrosz-petr-vicherek-202306051400,U,TABL,2023-06-05 18:00:00,False,False,NO,True,9971644,,15,1685913830938,Pavel Wawrosz,True,Petr Vicherek,False,0.5,-125,-0.5,-115,-120,-120,75.5,-120,75.5,-120,,2023-06-05 13:00:00-05:00,2023-06-05,01:00 PM,Petr Vicherek,Pavel Wawrosz,06052023-Petr Vicherek-Pavel Wawrosz,,,,,,,,,,,,,,,,,,,,,,,,,,,,,,,,Table Tennis,0,0,0
82,12029042,Tomas Turek vs Erik Mares,GAMEEVENT,/table-tennis/czech-republic/liga-pro/tomas-turek-erik-mares-202306051400,U,TABL,2023-06-05 18:00:00,False,False,NO,True,9971644,,4,1685915214312,Tomas Turek,True,Erik Mares,False,,,,,-120,-120,,,,,,2023-06-05 13:00:00-05:00,2023-06-05,01:00 PM,Erik Mares,Tomas Turek,06052023-Erik Mares-Tomas Turek,,,,,,,,,,,,,,,,,,,,,,,,,,,,,,,,Table Tennis,0,0,0
83,12029059,Adam Vitasek vs Martin Biolek,GAMEEVENT,/table-tennis/czech-republic/liga-pro/adam-vitasek-martin-biolek-202306051430,U,TABL,2023-06-05 18:30:00,False,False,NO,True,9971644,,4,1685919318052,Adam Vitasek,True,Martin Biolek,False,,,,,-120,-120,,,,,,2023-06-05 13:30:00-05:00,2023-06-05,01:30 PM,Martin Biolek,Adam Vitasek,06052023-Martin Biolek-Adam Vitasek,,,,,,,,,,,,,,,,,,,,,,,,,,,,,,,,Table Tennis,0,0,0
84,12029074,Jiri Nesnera vs Tomas Prosa,GAMEEVENT,/table-tennis/czech-republic/liga-pro/jiri-nesnera-tomas-prosa-202306051430,U,TABL,2023-06-05 18:30:00,False,False,NO,True,9971644,,15,1685919318155,Jiri Nesnera,True,Tomas Prosa,False,-4.5,-115,4.5,-125,-190,+135,74.5,-120,74.5,-120,,2023-06-05 13:30:00-05:00,2023-06-05,01:30 PM,Tomas Prosa,Jiri Nesnera,06052023-Tomas Prosa-Jiri Nesnera,,,,,,,,,,,,,,,,,,,,,,,,,,,,,,,,Table Tennis,0,0,0
85,12029099,Miroslav Antos vs Jozef Denez,GAMEEVENT,/table-tennis/czech-republic/liga-pro/miroslav-antos-jozef-denez-202306051430,U,TABL,2023-06-05 18:30:00,False,False,NO,True,9971644,,11,1685919318233,Miroslav Antos,True,Jozef Denez,False,,,,,-155,+110,75.5,-120,75.5,-120,,2023-06-05 13:30:00-05:00,2023-06-05,01:30 PM,Jozef Denez,Miroslav Antos,06052023-Jozef Denez-Miroslav Antos,,,,,,,,,,,,,,,,,,,,,,,,,,,,,,,,Table Tennis,0,0,0
86,12029193,Vaclav Pech vs Ladislav Svanda,GAMEEVENT,/table-tennis/czech-republic/liga-pro/vaclav-pech-ladislav-svanda-202306051430,U,TABL,2023-06-05 18:30:00,False,False,NO,True,9971644,,15,1685919318345,Vaclav Pech,True,Ladislav Svanda,False,0.5,-125,-0.5,-115,-120,-120,75.5,-120,75.5,-120,,2023-06-05 13:30:00-05:00,2023-06-05,01:30 PM,Ladislav Svanda,Vaclav Pech,06052023-Ladislav Svanda-Vaclav Pech,,,,,,,,,,,,,,,,,,,,,,,,,,,,,,,,Table Tennis,0,0,0
87,12029210,Erik Mares vs Jiri Nesnera,GAMEEVENT,/table-tennis/czech-republic/liga-pro/erik-mares-jiri-nesnera-202306051500,U,TABL,2023-06-05 19:00:00,False,False,NO,True,9971644,,4,1685919325043,Erik Mares,True,Jiri Nesnera,False,,,,,-205,+145,,,,,,2023-06-05 14:00:00-05:00,2023-06-05,02:00 PM,Jiri Nesnera,Erik Mares,06052023-Jiri Nesnera-Erik Mares,,,,,,,,,,,,,,,,,,,,,,,,,,,,,,,,Table Tennis,0,0,0
88,12029242,Matej Pycha vs Miroslav Antos,GAMEEVENT,/table-tennis/czech-republic/liga-pro/matej-pycha-miroslav-antos-202306051500,U,TABL,2023-06-05 19:00:00,False,False,NO,True,9971644,,15,1685924112556,Matej Pycha,True,Miroslav Antos,False,2.5,-120,-2.5,-120,+110,-155,75.5,-120,75.5,-120,,2023-06-05 14:00:00-05:00,2023-06-05,02:00 PM,Miroslav Antos,Matej Pycha,06052023-Miroslav Antos-Matej Pycha,,,,,,,,,,,,,,,,,,,,,,,,,,,,,,,,Table Tennis,0,0,0
89,12029248,Petr Vicherek vs Adam Vitasek,GAMEEVENT,/table-tennis/czech-republic/liga-pro/petr-vicherek-adam-vitasek-202306051500,U,TABL,2023-06-05 19:00:00,False,False,NO,True,9971644,,15,1685924112661,Petr Vicherek,True,Adam Vitasek,False,0.5,-125,-0.5,-115,-120,-120,75.5,-120,75.5,-120,,2023-06-05 14:00:00-05:00,2023-06-05,02:00 PM,Adam Vitasek,Petr Vicherek,06052023-Adam Vitasek-Petr Vicherek,,,,,,,,,,,,,,,,,,,,,,,,,,,,,,,,Table Tennis,0,0,0
90,12029247,Radek Vranca vs Vaclav Pech,GAMEEVENT,/table-tennis/czech-republic/liga-pro/radek-vranca-vaclav-pech-202306051500,U,TABL,2023-06-05 19:00:00,False,False,NO,True,9971644,,15,1685924112764,Radek Vranca,True,Vaclav Pech,False,-3.5,-115,3.5,-125,-170,+120,75.5,-120,75.5,-120,,2023-06-05 14:00:00-05:00,2023-06-05,02:00 PM,Vaclav Pech,Radek Vranca,06052023-Vaclav Pech-Radek Vranca,,,,,,,,,,,,,,,,,,,,,,,,,,,,,,,,Table Tennis,0,0,0
91,12029274,Jozef Denez vs Oskar Spacek,GAMEEVENT,/table-tennis/czech-republic/liga-pro/jozef-denez-oskar-spacek-202306051530,U,TABL,2023-06-05 19:30:00,False,False,NO,True,9971644,,10,1685924112840,Jozef Denez,True,Oskar Spacek,False,,,,,+125,-180,74.5,-120,74.5,-120,,2023-06-05 14:30:00-05:00,2023-06-05,02:30 PM,Oskar Spacek,Jozef Denez,06052023-Oskar Spacek-Jozef Denez,,,,,,,,,,,,,,,,,,,,,,,,,,,,,,,,Table Tennis,0,0,0
92,12029284,Ladislav Svanda vs Jan Vidourek,GAMEEVENT,/table-tennis/czech-republic/liga-pro/ladislav-svanda-jan-vidourek-202306051530,U,TABL,2023-06-05 19:30:00,False,False,NO,True,9971644,,4,1685924112876,Ladislav Svanda,True,Jan Vidourek,False,,,,,-140,EVEN,,,,,,2023-06-05 14:30:00-05:00,2023-06-05,02:30 PM,Jan Vidourek,Ladislav Svanda,06052023-Jan Vidourek-Ladislav Svanda,,,,,,,,,,,,,,,,,,,,,,,,,,,,,,,,Table Tennis,0,0,0
93,12029327,Martin Biolek vs Pavel Wawrosz,GAMEEVENT,/table-tennis/czech-republic/liga-pro/martin-biolek-pavel-wawrosz-202306051530,U,TABL,2023-06-05 19:30:00,False,False,NO,True,9971644,,4,1685924112910,Martin Biolek,True,Pavel Wawrosz,False,,,,,-120,-120,,,,,,2023-06-05 14:30:00-05:00,2023-06-05,02:30 PM,Pavel Wawrosz,Martin Biolek,06052023-Pavel Wawrosz-Martin Biolek,,,,,,,,,,,,,,,,,,,,,,,,,,,,,,,,Table Tennis,0,0,0
94,12029336,Tomas Prosa vs Tomas Turek,GAMEEVENT,/table-tennis/czech-republic/liga-pro/tomas-prosa-tomas-turek-202306051530,U,TABL,2023-06-05 19:30:00,False,False,NO,True,9971644,,15,1685924113005,Tomas Prosa,True,Tomas Turek,False,4.5,-120,-4.5,-120,+145,-205,74.5,-120,74.5,-120,,2023-06-05 14:30:00-05:00,2023-06-05,02:30 PM,Tomas Turek,Tomas Prosa,06052023-Tomas Turek-Tomas Prosa,,,,,,,,,,,,,,,,,,,,,,,,,,,,,,,,Table Tennis,0,0,0
95,12029388,Jan Vidourek vs Vaclav Pech,GAMEEVENT,/table-tennis/czech-republic/liga-pro/jan-vidourek-vaclav-pech-202306051600,U,TABL,2023-06-05 20:00:00,False,False,NO,True,9971644,,15,1685927696466,Jan Vidourek,True,Vaclav Pech,False,2.5,-120,-2.5,-120,+110,-155,75.5,-120,75.5,-120,,2023-06-05 15:00:00-05:00,2023-06-05,03:00 PM,Vaclav Pech,Jan Vidourek,06052023-Vaclav Pech-Jan Vidourek,,,,,,,,,,,,,,,,,,,,,,,,,,,,,,,,Table Tennis,0,0,0
96,12029390,Oskar Spacek vs Miroslav Antos,GAMEEVENT,/table-tennis/czech-republic/liga-pro/oskar-spacek-miroslav-antos-202306051600,U,TABL,2023-06-05 20:00:00,False,False,NO,True,9971644,,15,1685927696560,Oskar Spacek,True,Miroslav Antos,False,-3.5,-120,3.5,-120,-180,+125,74.5,-120,74.5,-120,,2023-06-05 15:00:00-05:00,2023-06-05,03:00 PM,Miroslav Antos,Oskar Spacek,06052023-Miroslav Antos-Oskar Spacek,,,,,,,,,,,,,,,,,,,,,,,,,,,,,,,,Table Tennis,0,0,0
97,12029412,Pavel Wawrosz vs Adam Vitasek,GAMEEVENT,/table-tennis/czech-republic/liga-pro/pavel-wawrosz-adam-vitasek-202306051600,U,TABL,2023-06-05 20:00:00,False,False,NO,True,9971644,,15,1685934028346,Pavel Wawrosz,True,Adam Vitasek,False,-4.5,-120,4.5,-120,-205,+145,74.5,-120,74.5,-120,,2023-06-05 15:00:00-05:00,2023-06-05,03:00 PM,Adam Vitasek,Pavel Wawrosz,06052023-Adam Vitasek-Pavel Wawrosz,,,,,,,,,,,,,,,,,,,,,,,,,,,,,,,,Table Tennis,0,0,0
98,12029428,Tomas Turek vs Jiri Nesnera,GAMEEVENT,/table-tennis/czech-republic/liga-pro/tomas-turek-jiri-nesnera-202306051600,U,TABL,2023-06-05 20:00:00,False,False,NO,True,9971644,,4,1685934028383,Tomas Turek,True,Jiri Nesnera,False,,,,,EVEN,-140,,,,,,2023-06-05 15:00:00-05:00,2023-06-05,03:00 PM,Jiri Nesnera,Tomas Turek,06052023-Jiri Nesnera-Tomas Turek,,,,,,,,,,,,,,,,,,,,,,,,,,,,,,,,Table Tennis,0,0,0
99,12029467,Erik Mares vs Tomas Prosa,GAMEEVENT,/table-tennis/czech-republic/liga-pro/erik-mares-tomas-prosa-202306051630,U,TABL,2023-06-05 20:30:00,False,False,NO,True,9971644,,4,1685934028415,Erik Mares,True,Tomas Prosa,False,,,,,-230,+160,,,,,,2023-06-05 15:30:00-05:00,2023-06-05,03:30 PM,Tomas Prosa,Erik Mares,06052023-Tomas Prosa-Erik Mares,,,,,,,,,,,,,,,,,,,,,,,,,,,,,,,,Table Tennis,0,0,0
100,12029477,Matej Pycha vs Jozef Denez,GAMEEVENT,/table-tennis/czech-republic/liga-pro/matej-pycha-jozef-denez-202306051630,U,TABL,2023-06-05 20:30:00,False,False,NO,True,9971644,,11,1685934028485,Matej Pycha,True,Jozef Denez,False,,,,,-120,-120,75.5,-120,75.5,-120,,2023-06-05 15:30:00-05:00,2023-06-05,03:30 PM,Jozef Denez,Matej Pycha,06052023-Jozef Denez-Matej Pycha,,,,,,,,,,,,,,,,,,,,,,,,,,,,,,,,Table Tennis,0,0,0
101,12029496,Petr Vicherek vs Martin Biolek,GAMEEVENT,/table-tennis/czech-republic/liga-pro/petr-vicherek-martin-biolek-202306051630,U,TABL,2023-06-05 20:30:00,False,False,NO,True,9971644,,15,1685934028573,Petr Vicherek,True,Martin Biolek,False,0.5,-125,-0.5,-115,-120,-120,75.5,-120,75.5,-120,,2023-06-05 15:30:00-05:00,2023-06-05,03:30 PM,Martin Biolek,Petr Vicherek,06052023-Martin Biolek-Petr Vicherek,,,,,,,,,,,,,,,,,,,,,,,,,,,,,,,,Table Tennis,0,0,0
102,12029500,Radek Vranca vs Ladislav Svanda,GAMEEVENT,/table-tennis/czech-republic/liga-pro/radek-vranca-ladislav-svanda-202306051630,U,TABL,2023-06-05 20:30:00,False,False,NO,True,9971644,,15,1685934028663,Radek Vranca,True,Ladislav Svanda,False,0.5,-125,-0.5,-115,-120,-120,75.5,-120,75.5,-120,,2023-06-05 15:30:00-05:00,2023-06-05,03:30 PM,Ladislav Svanda,Radek Vranca,06052023-Ladislav Svanda-Radek Vranca,,,,,,,,,,,,,,,,,,,,,,,,,,,,,,,,Table Tennis,0,0,0
